"","posterior.1","posterior.2","posterior.3","posterior.4","posterior.5","posterior.6","posterior.7","posterior.8","posterior.9","posterior.10","posterior.11","posterior.12","posterior.13","posterior.14"
"Senegal_Casamance_6285",0.99961598226042,0.000384017739408338,8.50436254586388e-15,1.63258859883498e-13,1.2310829121195e-27,2.1275720611266e-22,2.58495293453746e-25,1.72259708199946e-25,1.66006282659251e-36,1.41870280740778e-26,9.67242714644396e-35,2.57291647107079e-36,8.73624871280888e-32,1.03821075803594e-34
"Senegal_Casamance_6286",0.0364424652233568,0.205745209903387,5.41612965200797e-05,0.75775814875976,1.11361521924112e-13,1.02691563952096e-08,5.89919263735503e-11,6.99443880403147e-13,3.99310917459998e-21,1.7604034152934e-11,7.32358535751765e-17,4.09447569205872e-20,4.46971063937196e-09,7.02348986927856e-13
"Senegal_Casamance_6288",0.955009898477078,0.0449901015129099,3.19126408828816e-14,9.98064402615039e-12,2.34977346081475e-24,1.14023384205905e-18,1.74814786049702e-21,3.9624313383249e-23,5.05437446506596e-31,2.28155124795363e-22,4.30464666275234e-29,5.56841738684442e-31,4.15633377719445e-18,1.04411169043386e-21
"Senegal_Casamance_6289",0.985403825605635,0.0145961741121338,2.79893149889591e-14,2.82203419209983e-10,1.60458188298301e-25,1.83667301682705e-20,3.13938432062698e-24,1.01075935935393e-24,2.43129402208408e-35,4.31476990062506e-24,5.08965078806274e-29,7.84287138831413e-34,5.49306860440273e-22,1.51855419598868e-25
"Senegal_Casamance_6290",0.999953232498268,4.67675017316314e-05,2.75962213421818e-17,1.00845604636669e-16,2.36085013505399e-32,4.0863511810098e-27,1.72184362008861e-29,3.24768508310044e-31,1.19052112286025e-43,1.73292609439076e-31,3.37705720949473e-42,3.41327927063721e-40,8.52425421537831e-25,4.0115451810873e-29
"Senegal_Casamance_6292",0.994771193232696,0.0052288064409897,9.62704809234873e-13,3.25351261301244e-10,4.70654769091049e-21,2.41381701889246e-17,1.18123786108024e-20,3.17146986094409e-22,3.22493743140367e-32,4.15779044542319e-21,4.68011287528692e-30,1.25073631261151e-32,6.00012717341476e-21,2.64847018219156e-24
"Senegal_Casamance_6293",0.99995449707685,4.55026215098099e-05,2.07736760022544e-10,9.39033162967499e-11,1.92443340211771e-25,1.00071558975631e-18,2.63456998689841e-21,7.7797751097377e-23,3.18651361864955e-31,9.19879652209425e-24,1.3815459005966e-31,1.51992618831645e-29,1.72286109572954e-18,2.05320841402201e-21
"Senegal_Casamance_6294",0.999998964379589,1.03486231055381e-06,5.58902469053941e-10,1.99197650010251e-10,4.25325358209212e-24,3.71375272186716e-19,8.40197669916409e-23,7.99883430657996e-24,3.58403698711171e-31,2.49219764635629e-24,1.02514540529271e-30,6.11946736100366e-32,1.31031182090055e-19,2.90440940921939e-22
"Senegal_Casamance_6295",0.99965650911214,0.000343490887860354,5.50435714560657e-18,1.59647217239227e-16,2.91421154306463e-29,5.44315059119877e-25,1.28659187702148e-27,1.14592980384624e-29,1.00049632611714e-37,1.7494717632966e-28,2.39821673677159e-36,6.65496515964291e-42,1.04662752581383e-30,1.82604636607154e-34
"Senegal_Casamance_6296",0.999998387897213,1.61210275099897e-06,2.03148587674968e-14,1.61299434610072e-14,1.11466664347267e-29,1.30051790970833e-24,4.98188825680907e-27,2.9929846295175e-29,2.65923574475362e-40,1.36594699437971e-29,5.16413084462908e-38,4.58043750371346e-40,2.04742969071396e-27,4.90812769332314e-31
"Senegal_Casamance_6297",0.999997115442704,2.88455729501703e-06,4.97955561085255e-16,6.003454492374e-16,9.03409296594014e-32,3.92652924162276e-26,6.08238668834081e-30,2.10121823340206e-30,3.46438892959579e-37,7.9962318278691e-30,1.74488510408711e-36,1.45506136691933e-41,7.42394307270149e-29,4.66659603968731e-32
"Senegal_Casamance_6298",0.999984856824133,1.51431758674195e-05,1.02111102071142e-16,5.17600486526427e-17,2.13927999557146e-32,4.14684853555254e-27,2.06150466573255e-29,1.54909427344751e-30,4.9096788924349e-40,4.26698177696999e-31,3.67113457863931e-40,1.67466032215917e-42,7.52107573025206e-31,3.56006826290415e-35
"Senegal_Casamance_6299",0.999524547228603,0.00047542941689703,1.78205029268715e-09,2.15724500608986e-08,1.04531583114383e-22,1.20800427383013e-17,1.21979060145945e-21,7.12491527029404e-22,2.10690348666546e-30,9.79784990442223e-23,1.56722532110434e-31,1.58596809623437e-28,3.18553474423196e-21,8.62936896472029e-24
"Senegal_Casamance_6300",0.999767693409041,0.000232306582703996,8.25250006352366e-13,7.42952335011562e-12,6.12535452259649e-25,8.34724534621195e-20,2.41917129197558e-23,1.20354460624919e-24,3.09361588829238e-32,1.00278450372161e-25,2.78026163020543e-34,3.81816657073866e-29,2.09288874964053e-21,3.21531950248482e-24
"Senegal_Casamance_6301",0.79401361111652,0.205986388883043,1.28234063017834e-17,4.37472690049392e-13,7.83205576989795e-26,9.00480775139629e-22,6.48430860449901e-25,3.37758966892643e-26,3.05065800707125e-37,2.01198532277045e-25,2.53553160265985e-34,4.79042987568465e-31,1.65516320219649e-21,2.35934786425282e-25
"Senegal_Casamance_6302",0.0888600985323791,0.893050935409977,9.43858927961101e-08,0.0180885260572775,6.65516339308539e-13,3.38374083198091e-07,1.57397960861483e-11,1.36189357210168e-12,1.08498526004908e-18,1.47639525461312e-10,3.39795274644753e-14,1.98215530040075e-15,6.42404403220232e-09,6.50904022361621e-10
"Senegal_Casamance_6303",0.999893582396878,0.000106417603118188,4.63328842857329e-16,3.22570156783793e-15,1.31321050552278e-33,3.90611499401802e-28,3.990044226732e-32,1.57318708981047e-33,3.60316242255888e-42,1.03906150814195e-29,4.19891540585852e-38,3.79598033539485e-41,1.04897629869639e-28,1.81545590001221e-31
"Senegal_Casamance_6305",0.979837978496587,0.0201620215014126,1.38488344934108e-15,1.99933070745808e-12,1.36749919075405e-27,9.11681847723925e-23,2.03886302516122e-26,4.63711360436185e-28,1.75847074758676e-35,1.13637762732707e-26,1.17591972536107e-34,9.16914000447698e-34,2.63714024376236e-22,2.28048830559054e-26
"Tanzania_6573",3.15853526278561e-05,0.0335151785682367,6.73942791398192e-05,0.941130378623521,1.15564181603692e-07,0.0251824301713335,1.23001726886491e-05,2.39072579052561e-06,1.51309915302772e-11,5.81578349000454e-05,1.41336369645406e-12,3.5359107682256e-12,6.37046114210079e-08,4.98288853777718e-09
"Tanzania_6579",0.618124728422183,0.381875271577817,1.61965302074782e-20,7.04596242608157e-17,1.57990281578999e-29,7.89773894233663e-25,1.18292915707342e-28,2.22160330752955e-30,1.19933149009479e-36,1.65781900370017e-27,7.12382250287782e-38,5.71288141640945e-39,5.71781191963555e-26,1.65259659868446e-30
"Tanzania_6580",0.000311387013107109,0.389230626503157,3.49918505566582e-07,0.609288786388447,3.7906446127614e-07,0.000916330221242515,9.20677711546019e-07,2.5837316296399e-07,3.78663179336481e-15,0.000250742511233046,1.30392629719457e-07,2.53224240915245e-11,8.61061657795799e-08,2.80485082931285e-09
"Tanzania_6581",7.71385041411109e-05,0.999922861494063,1.8548799372007e-20,1.7961405871769e-12,1.87542823585488e-22,8.17030860816308e-19,3.50621051466473e-24,4.1672668923716e-24,8.43999009322578e-35,5.58983020079299e-22,1.25633588084271e-31,6.92473795368972e-28,4.50752536998837e-24,3.48300977448213e-26
"Tanzania_6583",0.588000521375694,0.411999478624248,1.23425348829768e-16,5.752240919946e-14,3.28179920382187e-24,5.84389384851501e-20,9.16239730822895e-24,4.18174263913667e-25,7.5414509442711e-28,3.13795209251601e-23,1.80111991709118e-28,2.68936155813431e-28,1.71336178412117e-20,5.3682522999754e-24
"Tanzania_6588",0.00425996979603317,0.995740030199139,2.0966800087254e-18,4.8276037749989e-12,2.28008433556943e-20,6.39279414872005e-18,9.4845576106067e-21,8.17608983843317e-23,6.41801878850247e-31,1.48757541303826e-18,9.25580505740563e-25,2.25439816048052e-27,3.0756625565455e-20,1.60964882008016e-23
"Tanzania_6589",0.000545992743398832,0.999454005974475,1.0311949263192e-17,1.28212512859236e-09,4.76115954871344e-21,5.25580325412631e-16,4.63143880835226e-21,1.38941096309024e-21,7.09218167092237e-30,1.08391849273236e-18,3.7735227191291e-24,4.56900861825566e-24,9.15703752374875e-20,1.28201206676709e-21
"Tanzania_6593",0.000764071232009491,0.999235928767968,1.8191333947276e-20,2.29116614714225e-14,1.25800568718579e-26,4.12440469407065e-23,1.50696543972261e-26,1.52304652482215e-28,1.12239454425743e-35,8.7152475655863e-24,3.28463991370964e-32,1.02764580019029e-32,1.08357819663087e-25,6.74290816633982e-30
"Nepal_7074",5.7898721813456e-14,1.67785839733995e-19,0.999848466388688,0.000151530336328967,1.34682189026218e-12,1.55868962990652e-09,1.89445563744332e-11,3.14229827405331e-11,5.69720014880206e-23,1.49452704369127e-16,2.25854444809759e-21,4.59677405548307e-19,1.64549234157806e-09,1.90285605089535e-11
"Nepal_7076",4.05854763540104e-16,7.54936834767183e-20,0.999684171308284,0.00031582516842268,3.94780742209283e-13,3.45127902920496e-09,6.24312053268726e-11,9.03540596541936e-12,1.05487828012164e-21,1.52799476730299e-13,5.58008087165192e-20,2.3384219585034e-21,8.99560452713529e-21,7.780827056684e-22
"Nepal_7077",6.68577081404703e-07,2.00794935306559e-07,0.979469534811592,0.0205295945572126,1.19498007925569e-14,1.25610062985238e-09,3.05252800083431e-12,2.8973848215012e-15,6.761567988596e-22,1.00954416691115e-14,1.76205401410728e-21,1.69372217505261e-26,6.69111030625557e-19,5.51480515103636e-22
"Nepal_7078",2.29837773009004e-11,9.85890143105892e-13,0.770707442353219,0.229290948789602,4.5441133099359e-13,1.57439275700746e-06,2.46490066653622e-10,1.22246335982219e-10,1.60459934358938e-15,3.24875706940646e-13,2.05643986448113e-18,4.93922541114615e-14,3.23429932516808e-08,1.72789308909425e-09
"Bangladesh_6661",1.90001123698424e-17,3.02691438508713e-15,0.000226067433781563,0.999713662343313,9.79169518867061e-08,6.00119117495631e-05,5.23287509198666e-08,1.07402854795363e-07,3.92286248727386e-22,6.58106832636104e-10,4.78478889536326e-16,9.5327732856553e-14,4.34392116395932e-12,4.82176353022777e-14
"Bangladesh_6669",9.50573302804809e-14,8.57742103791815e-13,0.0193398942002994,0.961260741091666,0.000209610528724507,0.0191688484706214,1.24070992238871e-05,5.90556837864806e-06,4.42512599612185e-15,2.58308068577727e-06,9.9489571484198e-09,7.94191762898642e-12,2.00807971176642e-12,5.35306196256775e-13
"Bangladesh_6699",8.16648535156673e-06,8.69852828296638e-09,6.2242847956895e-06,0.999985600380662,1.37878649662788e-16,1.50507026261174e-10,1.33550487562343e-14,1.3595753065036e-14,8.88192149333641e-28,2.15942428357951e-16,8.09330039659699e-23,2.22026913632595e-18,8.02453587033535e-14,4.79984451872148e-14
"Bangladesh_6705",5.31555844645673e-12,1.81951333491758e-12,0.0527194592124437,0.947194914374706,1.76302052536247e-09,8.42715264338456e-05,9.77816115110034e-07,1.83577499614984e-07,3.04162589836653e-19,4.75803122787504e-10,3.18152856934793e-14,6.31102402748381e-10,1.87165546801514e-07,3.45016215643676e-09
"Bangladesh_6711",8.68655886775312e-11,4.60248597622191e-09,7.17423416844175e-07,0.999999235219381,7.23313420072778e-11,4.25807775222202e-08,3.18377627364671e-12,3.29955658391417e-12,2.98785548000956e-26,7.45057985596635e-12,7.96194728770787e-17,7.67643796030215e-17,7.80220456886126e-13,2.78106581222336e-14
"Bangladesh_6727",8.43593986625224e-13,2.25560178380406e-10,6.92736415160178e-07,0.999999306190895,4.18827541633178e-16,8.43842469125011e-10,2.66193221064457e-14,1.85310980179681e-14,5.08176792530357e-21,1.39416432143753e-12,5.51503375304114e-19,1.29854530066664e-19,9.27559771397425e-13,7.60764739006399e-14
"Bangladesh_6733",2.53349170246203e-10,1.79973150604457e-05,4.5729032984975e-11,0.997786388831589,7.56676297297104e-06,0.00218420065640091,1.1437438138356e-08,3.50844310658795e-06,2.43733530674071e-16,3.25333577365355e-07,9.12497711823071e-10,8.20194777104863e-12,5.78254270024871e-14,1.93760692309748e-14
"Bangladesh_6740",1.49761440349334e-07,1.23009029054918e-08,0.00652951585170787,0.993470320997156,1.62802763259381e-12,9.89517076291816e-10,9.64926311568984e-11,6.10705033622891e-13,1.39068128476273e-24,2.96088052733648e-13,1.66204241106839e-18,2.85616153190447e-18,2.48339183566597e-13,2.16096709168477e-16
"Bangladesh_6749",8.21809499466581e-11,1.60978898397577e-11,0.000862771459096685,0.996533798751385,2.07151782758301e-07,0.0026027313625831,1.91005361764062e-08,4.64714120313654e-07,1.1634587806087e-13,6.95790770369748e-09,2.66247703142211e-14,3.22794669597325e-14,2.27901836895193e-10,1.76232186514845e-10
"Bangladesh_6759",9.77146312811282e-15,3.10245913871437e-12,1.93144265604506e-06,0.999997870947024,3.44672195655177e-12,1.97303259282441e-07,1.21645343818578e-11,2.06913080066071e-10,1.50350679018583e-22,7.88272064002094e-11,2.96035344948522e-17,5.52955035850475e-16,2.28280679197939e-12,3.13472225656613e-13
"Bangladesh_6769",3.24413578317212e-11,4.27583555487039e-11,2.51951069890479e-05,0.999974801100629,2.20519019749042e-14,3.7105627725641e-09,2.07928649012416e-12,2.45048832038138e-12,3.63805910792417e-22,4.01872445634035e-13,5.43776048726431e-17,1.04268831967861e-16,1.19554704317434e-12,4.70115035705495e-13
"Bangladesh_6775",7.09584888562711e-14,1.54891124032233e-15,0.606108713957132,0.393875358157477,2.0470035051109e-10,1.57982801745957e-05,4.40640210336493e-08,6.18418187695443e-08,6.12937068800364e-18,6.65245964732682e-12,1.34726018915851e-16,8.71946273783723e-16,2.34315491122921e-08,5.64006680749423e-11
"Bangladesh_6778",9.13816546105662e-15,4.06014747897099e-12,3.6621722105602e-05,0.99994867185658,1.5099511576552e-10,1.47045605373691e-05,6.33672852222218e-10,7.50333366947656e-10,1.89397805740619e-16,3.21457593545198e-10,5.91568301784617e-14,8.00957891169626e-15,1.40917061800756e-13,4.04001272285391e-14
"Bangladesh_6792",1.56621484989706e-14,2.94350814172544e-13,4.69450385423586e-06,0.999992979649037,9.98740204521161e-10,2.32180650760284e-06,1.51261894819428e-11,3.01528864012771e-09,1.73578292743893e-23,2.65501336891552e-12,9.10520163302422e-19,8.3342520245187e-12,8.88132974438676e-14,5.79114581741369e-14
"Bangladesh_6799",4.23374415873991e-14,7.52158016580161e-10,9.30152025171867e-07,0.99990395102134,9.47475848980631e-09,9.50616480194703e-05,6.9544300335544e-09,3.45250556900459e-08,4.41953820157498e-16,5.02647563503833e-09,1.9867024303738e-11,4.25229662028939e-10,4.60924541116868e-13,1.36549883402275e-13
"Bangladesh_6814",0.0144388791354122,0.00282690791400987,0.000138395538288208,0.982595670383582,2.57603279321831e-13,1.46293338665748e-07,1.26793513531068e-11,2.5920764191891e-11,7.20631424035294e-23,1.39311021385377e-12,2.91620971294718e-22,3.94178460210742e-18,6.57000554604502e-10,3.81177024952318e-11
"Bangladesh_6816",3.89157422063935e-11,3.02167602155511e-12,0.000899368858840565,0.999099201284426,1.26575158356893e-12,1.42812485735158e-06,6.29444325528293e-11,1.58445338732778e-09,2.41140141391133e-18,1.36624642238075e-12,1.31390323710692e-14,9.79123705289408e-17,3.82626854212685e-11,1.63277124033502e-12
"Bangladesh_6824",2.5521525426698e-10,3.2829951772362e-11,0.0130553132981215,0.986937131574972,8.05003200983943e-13,7.54926720147378e-06,3.78103495603693e-10,4.82446406092145e-09,3.50615615934235e-15,1.90701971670439e-10,7.33599282639145e-11,2.98636717655107e-14,9.72441577580003e-11,6.94810499706777e-12
"Bangladesh_6834",6.0568355907685e-10,3.72374502636211e-09,0.000217813689495393,0.999781803496857,1.84048804020894e-11,3.78310245572299e-07,1.05197563113711e-10,4.58356035361237e-11,1.00580159486312e-21,4.50268198503596e-12,3.27051348728677e-14,8.29439189070963e-18,5.55191300416187e-18,1.13186862192667e-18
"Bangladesh_6845",3.72789267481936e-08,0.000704409943943725,1.34109966752318e-06,0.997756696092175,3.84593009653389e-08,0.0015308507295656,4.65027689584881e-07,1.06021132816861e-07,2.26857878790227e-15,9.01988414275747e-08,7.36456818299301e-13,2.21154079060692e-09,5.95533719298392e-06,7.59928408700359e-09
"Bangladesh_6868",6.96248682635241e-11,1.85039658877953e-08,1.23493211359599e-05,0.998811319106423,3.86750524667134e-08,0.00117540524354626,1.88904853136901e-08,2.41692476983678e-07,1.25286911023299e-17,6.84086952357311e-09,5.1928115404587e-18,8.01164609794562e-15,2.67248794339389e-07,3.34407616936358e-07
"Bangladesh_6881",3.02444343397175e-11,3.56865877305617e-09,1.81471397026471e-05,0.972295737721823,3.31354860107925e-07,0.0276689517942279,1.26509974666961e-05,3.30947363344013e-06,3.79186531547643e-13,5.20776784139514e-07,1.62039782875641e-10,5.83488768319453e-08,1.70170671180788e-07,1.18460632348396e-07
"Bangladesh_6902",1.45248121261718e-16,2.44199174208052e-14,3.47620116090545e-08,0.999988192322806,5.51815974336776e-10,1.17501719151279e-05,2.18232660283606e-09,1.50676589143782e-08,2.02459352145829e-21,2.83543915787258e-09,6.67490261453754e-16,7.76176436432629e-10,2.23800912687573e-10,1.1060243278166e-09
"Bangladesh_6908",3.11196593727692e-11,9.66021289966035e-12,0.0107587497996641,0.989241200150952,1.60725975745731e-11,4.91221160946346e-08,3.22546756658226e-10,1.372120994348e-10,9.05444237175138e-18,4.10638047381751e-10,6.59579493757721e-15,2.66151961611055e-15,9.16563703669156e-15,8.17199749984207e-17
"Bangladesh_6914",6.82845747849918e-12,1.74745393135101e-09,0.0245117361043844,0.96474189920303,0.00214850789527814,0.00764294284009114,0.000944454956618877,9.53986974041413e-06,5.42325893733745e-19,9.17364863794544e-07,5.14410424342672e-13,3.35906240661484e-14,1.11507111309754e-11,1.2402528551153e-14
"Bangladesh_6926",1.28954312208477e-12,4.26820859993127e-09,0.000290376134203816,0.999331401290625,1.86245532990673e-07,0.000377990516058263,2.85057764274489e-08,3.52688601970144e-09,1.77908944356235e-17,9.81456084077305e-10,7.6780326150787e-16,7.80079460682148e-11,5.92227519348350e-09,2.52967931952499e-09
"Bangladesh_6935",1.02980047872049e-13,8.12091372698164e-12,5.42504096513772e-05,0.943298445056556,1.60616469118149e-05,0.0552968195189895,0.000802515111388687,0.000157435074663696,1.28002076838879e-12,7.5325440348454e-05,0.000299146504715371,1.22690581224103e-09,2.06916777121004e-13,1.58403907809213e-13
"Bangladesh_6941",2.08092123025705e-15,2.17691928818954e-13,3.79466823600716e-07,0.999999562084065,3.85329076219833e-11,5.83314128673171e-08,1.83010994530804e-13,7.6819465107255e-12,8.31748837178106e-24,7.07274222656689e-11,7.11175478051877e-15,3.03087709789987e-15,1.79859743131187e-13,1.63249999226848e-13
"Bangladesh_6946",1.38130724466049e-14,2.16081449765246e-11,7.05547983776965e-08,0.999999517853265,3.41427351012194e-12,4.11169099102009e-07,7.21139028584623e-11,5.34383362688515e-11,3.69685406996978e-19,2.71768211568704e-10,5.02898943651365e-15,6.46328603623313e-16,2.97104339254574e-13,1.78066483341372e-13
"Bangladesh_6960",4.26972829185229e-19,2.9128771602049e-18,0.0111298055024096,0.98886775580121,6.79906446450675e-08,2.36526146732735e-06,4.34547805851265e-10,4.99119685343398e-09,1.9406128230382e-20,1.84313180594242e-11,2.43813673478553e-18,9.26846411541557e-14,2.37449291800333e-16,1.01164905522044e-16
"Bangladesh_6961",1.73948132724351e-16,1.98193011114342e-16,0.00453436407442417,0.995444977188689,5.46276571944336e-10,2.06521316005273e-05,6.44597523198225e-10,5.41172268797048e-09,2.42007005280317e-20,2.02019162684485e-12,7.34843994046669e-19,1.71321710663017e-13,2.47295535622306e-13,2.50328124183175e-13
"Bangladesh_6970",4.83298364502279e-13,3.31346381863026e-09,2.68880204643184e-08,0.999981877250542,1.30813877512797e-08,1.79431152574742e-05,4.10042405782991e-09,1.16375028927693e-08,2.72948265772805e-18,2.61297110870557e-10,1.21427805809706e-11,6.68277024524319e-08,4.81963899081428e-08,5.31538578003525e-09
"Bangladesh_6984",8.66328433424736e-16,5.08179190956787e-14,8.57110642330121e-06,0.999885135756761,1.84243514058455e-11,0.000106131105320567,1.67093741139753e-08,2.19432012097588e-08,4.01395754575504e-16,1.37986869371735e-08,6.76013729026134e-13,4.83234581291528e-11,6.34946485314337e-08,4.60181088908905e-08
"Bangladesh_6988",7.60851625825159e-13,3.11540677081454e-13,5.74985389590221e-06,0.999994210185087,6.18358491972142e-13,3.95569671245879e-08,9.00920539729543e-12,3.34242990770799e-10,1.16013369968222e-20,9.48325154664593e-13,1.07183990177063e-15,1.35273942677489e-15,3.66431211120954e-11,2.15126577265043e-11
"Bangladesh_6999",7.29558605914728e-14,4.16304084877726e-13,5.28887317730003e-08,0.999992291164327,3.90074090081353e-09,7.39358081334168e-06,2.29892789955981e-08,2.34329269757966e-07,1.66436476146592e-21,1.15948498275252e-10,5.00287314732044e-14,1.02862899056775e-09,1.38269790731159e-12,3.38817353296995e-13
"Bangladesh_7006",2.4910652139277e-14,1.8644448721894e-14,0.0121658848491084,0.987831281194425,1.01159845843525e-10,2.83196288786256e-06,4.09649970483784e-10,1.47792690695592e-09,1.09814218425007e-17,4.33811594839644e-12,9.72964781303778e-18,5.46352246200442e-20,4.45858210144169e-13,1.40788192040913e-14
"Bangladesh_7112",2.96368214136596e-10,4.51056195144116e-10,1.63087571108159e-05,0.999980735655102,2.12162719507261e-12,2.94500365044378e-06,2.21054962229328e-09,7.45639570225259e-09,3.03264535237509e-20,1.61183654030741e-10,1.43705833149253e-13,5.06674023345786e-14,4.28294889321059e-12,1.98420177576629e-12
"Bangladesh_7114",3.48758495212231e-12,3.42106454996342e-12,1.19907235894726e-05,0.999987912130932,4.58764012131161e-12,9.162364420828e-08,1.34639515028124e-12,1.25974932642271e-10,1.30761444283952e-20,2.69184918970105e-09,3.20055768312059e-13,1.5091211030131e-14,1.3667393097499e-09,1.32409247029988e-09
"Bangladesh_7127",1.49482268759906e-07,4.55771241606686e-08,0.000944659212668516,0.99880882486993,2.1854858749265e-08,9.2775917247681e-06,1.62387232325439e-08,6.12013034647595e-09,4.41056670130632e-20,4.94719295380325e-10,1.89043554633343e-15,3.29553282255272e-07,0.000197651264138363,3.90177404297531e-05
"Laos_Luang_Nam_Tha_6371",1.22014583282144e-24,3.08118212855157e-19,5.93021516951333e-16,5.37828699266169e-10,0.813586883826463,0.00112959397684781,1.36251772335335e-05,0.000978916796201887,3.65370351270559e-09,0.0190299179535801,0.165261055283976,2.4749043889718e-09,2.511365213495e-10,6.81239394701382e-11
"Laos_Luang_Nam_Tha_6374",1.29969083852596e-22,1.08951666343964e-16,1.38228981146178e-15,2.59335369460077e-07,0.978005622577276,0.00146659184707217,8.54859319401884e-06,0.000112788041163583,1.53547390481864e-16,0.02040618929651,2.57170242450615e-10,5.22429163906071e-11,6.13547123992615e-17,3.91974110644138e-18
"Laos_Luang_Nam_Tha_6375",1.12270367908595e-26,1.65952978871758e-20,5.98232039189714e-15,5.58442228486531e-09,0.999172128915248,2.54754797335924e-05,1.56357340598523e-06,3.8440653090162e-06,4.17316831962879e-19,0.000796974212229907,1.38712767584358e-09,6.78236212601418e-09,1.31367491170806e-13,2.38396308838372e-14
"Laos_Luang_Nam_Tha_6376",2.43983386093504e-29,5.20409720586392e-23,4.99456566027178e-13,1.15614691120507e-08,0.89353777749078,0.018709974896809,0.00707553173503325,0.080674272061378,1.00867156156076e-18,2.42402514138682e-06,2.14767752010083e-13,8.22867525102913e-09,9.42858625453238e-18,1.01819056916323e-18
"Laos_Luang_Nam_Tha_6377",3.4062501683722e-24,7.69014508686119e-18,1.53773379098615e-14,5.08832942393773e-08,0.00785961643861022,0.372901526816815,0.0568141653388857,0.513535467847325,1.24716344760967e-11,0.048889108042041,4.84514314359775e-08,1.61691058157024e-08,4.56392331161834e-15,1.58559800406433e-17
"Laos_Luang_Nam_Tha_6378",3.84928813723423e-31,5.93728942804035e-28,2.05301742762961e-13,4.12885253510086e-11,0.829244592802223,0.0163033250902448,0.104744011522082,0.0497072580292587,1.2908274555173e-15,7.98870811947078e-07,6.22646927146253e-12,1.36376573225893e-08,8.6126326009356e-16,1.53458335162934e-16
"Laos_Luang_Nam_Tha_6379",2.67488127308455e-20,1.85729529399653e-14,1.59451792713619e-12,8.23091167491105e-08,0.49291243185309,0.492275931717984,4.59154353721882e-05,0.00221781262449002,1.14549951835786e-10,0.0117376709188235,0.000809214873153231,9.29574071859195e-07,3.05914431490822e-09,7.51859159470105e-09
"Laos_Luang_Nam_Tha_6380",9.45832355443753e-27,4.79985222204493e-20,3.62180330368631e-16,1.16725320016802e-10,0.92856261128862,0.0630964983093046,0.0070760900430667,0.00126450166865304,3.58709680207488e-14,2.88790888854994e-07,1.00870521238885e-11,9.77261861125651e-09,9.36061614112881e-21,8.24216879497954e-21
"Laos_Luang_Nam_Tha_6381",1.04608185510385e-22,9.24511172868744e-20,7.83316521807447e-13,8.36715970758089e-10,0.989982716193486,0.000256865687519476,0.00297809779290075,0.0067746544068744,5.5430841786266e-21,7.66508171396837e-06,4.37577786892852e-15,4.10377079970319e-19,1.98789702682455e-15,9.97437119654398e-19
"Thailand_Chiang_Mai_6390",3.46198030300467e-15,4.01530477557264e-12,3.6638845833839e-10,6.81321178825923e-06,0.170742009845975,0.751295979390512,0.000183785487650445,0.0561603593937354,1.56273658237688e-12,0.0216110522795883,1.78305557842072e-11,9.37530217800974e-13,9.1430943184531e-15,4.33252330735213e-15
"Thailand_Chiang_Mai_6392",2.42008588479331e-16,1.05622730777009e-12,7.78123101058592e-11,0.0252328068525371,0.0070155806620192,0.930874297668768,9.6789542124569e-05,0.0364321001393423,9.55162226435413e-15,0.000346031204480287,1.28116967213939e-09,1.60581227678515e-06,5.76693496598668e-07,2.10064907321907e-07
"Thailand_Chiang_Mai_6393",4.26339327821914e-21,1.90040203589777e-17,4.10396826984304e-09,1.40314425160845e-06,0.00334863785333797,0.859748924556634,0.0860211379666512,0.00121293353887484,6.899521729379e-08,0.000386576184035504,0.0492803136019438,5.48464060535651e-11,2.25323252935631e-13,1.3424940328562e-14
"Thailand_Chiang_Mai_6394",2.9720918988893e-12,7.98277256528473e-09,4.19235934940345e-05,0.436472013805324,0.0105255262981238,0.474448056671373,0.0356418547943192,0.000455629563264548,3.72616826229165e-13,3.77791463656098e-06,4.35196335076302e-09,0.0424107977542015,4.03225371341043e-07,4.04181159562536e-09
"Thailand_Chiang_Mai_6395",7.80559661511792e-23,6.53755084817971e-17,4.61160385481569e-09,6.80185436744923e-05,0.149431550196621,0.831079023349021,0.00015628691005674,0.0190502339221194,3.42091125587657e-12,0.000169031615876763,2.03351885255629e-06,4.38170122370655e-05,1.69361013749008e-10,1.47155434748269e-10
"Thailand_Chiang_Mai_6396",2.11390154322151e-24,1.24007704454767e-18,4.83251844671273e-09,7.50455346839731e-05,0.00240588708883766,0.958140614386851,0.00125355622889919,0.0381017567963134,2.32336331601871e-08,2.28194725048868e-05,2.91161851993412e-07,1.2597776160752e-09,4.1020407882159e-12,2.71053210163769e-14
"Thailand_Chiang_Mai_6397",5.65311193894616e-21,7.68593232668484e-19,0.000175921995904092,0.0295370640308986,1.15199766923937e-05,0.970164332226172,8.1804069443856e-05,2.93037577834972e-05,1.28447362413511e-08,2.73649322136189e-09,6.44975337651568e-13,1.71639775661558e-14,3.65309854201567e-08,1.83022850402986e-09
"Thailand_Chiang_Mai_6398",2.62984464548084e-16,1.46767427898826e-14,4.33001740427968e-06,0.00342162330251507,0.245919692222675,0.746900742835721,0.00284916491887883,0.000903623570776117,6.43939839903532e-15,7.31607713394479e-07,9.14129853173929e-08,9.05648160724307e-11,1.93704196814116e-11,1.37414822391745e-12
"Thailand_Chiang_Mai_6399",7.90922522878058e-19,2.77696067151893e-15,1.69642719902933e-07,0.007756883517107,0.000574431387542551,0.893576385821269,0.0508910430110232,0.0460091069579106,5.50343647264892e-16,0.00119194854279349,2.87780911530474e-08,1.03366253715417e-09,1.07749456839155e-09,2.30382424673692e-10
"Thailand_Chiang_Mai_6400",7.0162462804133e-24,1.7071969698753e-18,1.22780798899739e-09,1.020402166845e-05,0.00504020523445569,0.994053040762572,0.000854680482228703,4.11102602151435e-05,2.83279709686864e-10,7.57663184060048e-07,4.92765602944773e-12,5.95049400071042e-11,1.06969826188532e-13,4.90625698055034e-14
"Malaysia_Kedah_6426",2.88832372013309e-16,5.2237275375443e-12,5.70916901237506e-08,7.31102005905844e-05,4.39307708653525e-05,0.968162714337763,0.0213714540707023,0.00899733380556894,3.81832169788372e-07,0.00134620959121031,1.01890099294447e-07,4.52508876453575e-07,4.14440753086149e-06,1.09487707986906e-07
"Thailand_6681",2.93924046974681e-21,6.98645950537476e-18,5.24555970091876e-11,6.40170540110955e-08,0.00155201225680172,0.988504363173842,0.0072127439724589,0.00271041334427101,1.01456800141377e-08,1.70497208484303e-07,1.07620091300941e-10,1.71346863879777e-07,1.56756661771152e-05,4.37541956754092e-06
"Thailand_7080",1.54845860441652e-21,2.94133936565074e-16,2.3105233978471e-13,7.56449971128544e-06,0.00579751115710992,0.593092379012526,0.243667175641785,0.154814638016868,1.90202067825937e-13,0.00262072733458378,2.76434845406758e-09,1.52113446796889e-09,5.07063090784483e-11,8.05412776712413e-13
"Thailand_7081",7.70638092545105e-27,6.22692523433267e-22,2.46939156404545e-10,1.52943569329907e-06,5.58255089897032e-05,0.956078219993413,0.000293565095571733,0.0435705771524639,1.35540850924704e-10,2.81778271216748e-07,1.83238211474751e-13,6.52928878287711e-10,8.12690972485119e-16,4.48228392684039e-15
"Thailand_7082",2.33392953587611e-17,5.72256615004541e-14,6.80634145882728e-08,9.56390679883188e-06,0.000332698259849568,0.947663250326844,0.0498033584809687,0.00217546910275706,1.39676413989631e-07,1.54521810084154e-05,5.52124507360212e-13,1.18452357715196e-12,1.50564556242511e-13,5.97407042567725e-16
"Thailand_7083",3.17455005388587e-20,1.45135702670861e-13,5.28074484586499e-16,4.63580103638951e-08,0.0305029705736462,0.86387430982991,0.00184008793920259,0.0930927570558408,2.12898179949299e-10,0.0106762442807908,2.33669868347834e-07,1.33499422075557e-05,5.50381753001161e-11,8.24411996527198e-11
"Thailand_7084",1.76285640687405e-27,1.34689101058258e-22,8.29010434511428e-16,1.44850284381737e-07,3.94084532467646e-05,0.00301102325901787,3.60079280882951e-05,0.996912297338115,7.01293938828324e-14,1.11632495109295e-06,1.57378254254048e-09,2.7244030784747e-10,2.07110178348259e-15,1.07284577678922e-15
"Thailand_7085",1.32384422991339e-25,2.4449013459719e-21,1.54080865104672e-11,4.47510791386744e-08,4.52811775773273e-06,0.271411673672932,0.000670206125319603,0.00340595508527105,0.72450666931792,8.55021775316828e-07,6.78925350587915e-08,2.03648001680675e-15,4.96817192550723e-22,3.22831707465149e-22
"Thailand_7086",1.2942772412141e-27,8.02737145744145e-21,2.91366775974846e-14,8.79833558578413e-10,0.00957179476455431,0.592945298881443,0.000378217799937248,0.00533330170551514,0.00389892120844922,0.387869982339269,1.17662580804313e-06,1.30575783723795e-06,3.04042308070577e-11,6.9199284815396e-12
"Thailand_7087",3.29947006606538e-24,1.60971114254721e-19,3.55551641506257e-16,1.12184507588929e-08,0.000272546785644754,0.0429717652376938,0.00203242809711929,0.954722755456402,2.52513993648594e-10,4.90327620201335e-07,2.05515876930893e-13,2.62425042158223e-09,8.14016488963573e-14,1.71831492002334e-14
"Thailand_7088",4.4915544797472e-20,1.9061196476761e-15,2.75324799433291e-13,1.11230501048275e-06,2.67536090487113e-05,0.833959903804595,0.110590840376928,0.055386591264769,5.00838304375226e-09,3.47865621326003e-05,6.5130513927323e-09,5.55797051408638e-10,4.65393973614211e-15,3.2906197638856e-15
"Cambodia_Krong_Koh_Kong_6382",1.50542382678321e-23,1.21056211905469e-19,8.02693986671997e-15,2.79973065023318e-10,0.00820443997608587,0.0171561362447355,0.857368268643666,0.117269087541835,1.75272933890333e-14,2.06403091692623e-06,3.24986296362119e-09,3.28993863551568e-11,1.56332509023968e-18,3.18493375498592e-21
"Cambodia_Krong_Koh_Kong_6383",5.40667620167189e-19,3.47375538163067e-14,8.74984480061478e-08,0.0956629720614073,6.04762017525819e-06,0.804451962368949,0.0320058555508039,0.0658777612375369,8.2543700660917e-10,0.00199417786218404,2.10172815781849e-08,1.09929201867895e-06,1.39252182979927e-08,7.40505886308523e-10
"Cambodia_Krong_Koh_Kong_6384",3.84918642270793e-21,1.88795078973146e-20,3.66587476237281e-11,4.5997935306107e-11,0.0111477478525617,0.00312691802756528,0.373674363250575,0.611961837967547,6.41285698741013e-14,8.91327315779795e-05,8.74434152188873e-11,1.81240133284118e-16,8.92099303692298e-15,8.61502089771246e-18
"Cambodia_Krong_Koh_Kong_6385",3.88422113953271e-28,1.12695887486103e-22,4.28508454031158e-13,2.18563790824303e-09,0.01947517502286,0.0662031568051173,0.912282775446358,0.00203722981783002,1.40805079163746e-13,1.6606234635543e-06,2.63644450642965e-12,9.55271983581223e-11,9.72031446218298e-17,1.36027671362094e-17
"Vietnam_7063",1.49629578890197e-26,8.75666226249225e-24,1.19026157621149e-09,4.38650288472828e-08,0.00208787557996863,0.714313512120081,0.162645543341922,0.120950159414575,4.91471186484608e-12,7.56226921441716e-07,2.92714033218874e-13,2.10822386903109e-06,3.12956983335089e-11,8.68820907953097e-13
"Vietnam_7064",1.06925085455453e-31,1.30070939254629e-25,2.85780183436851e-22,1.18417311005739e-17,0.000582662273247435,0.000238233394992143,0.0238865567131978,0.975272059596923,2.27558950429053e-13,2.04880214088799e-05,2.96902751468242e-15,3.02685548640725e-16,9.59003509812904e-24,3.69999540931617e-26
"Vietnam_7065",6.74922105054786e-27,2.82733358882981e-23,2.62768020281439e-17,9.92003289817615e-12,2.25070884496594e-07,6.91371743980064e-05,4.14377646644791e-06,0.999926365845102,3.86515395323905e-11,1.27900863192743e-07,1.83714118405695e-10,1.16160660577739e-19,1.40435727946214e-21,7.02345953665313e-24
"Vietnam_7066",1.88001274374054e-25,8.19337036588125e-21,5.35004162673272e-16,2.61874577408713e-10,0.00561109043680566,0.00348784372751462,0.89451598883342,0.0963685150650714,1.19311892818513e-20,1.65615224431605e-05,1.47861025607013e-10,5.00373821668539e-12,5.65680770446527e-15,2.39705269566596e-18
"Vietnam_7067",1.04345904660995e-25,2.19268310093567e-22,4.14955040611865e-15,2.02618373206382e-10,0.000779825793808466,0.000508590891821659,0.000659296537154883,0.997960708505613,1.07006731536554e-15,9.1577759107547e-05,3.09867952276691e-10,2.92551097276944e-15,6.61232609517618e-18,2.39120675225274e-20
"Vietnam_7068",1.01285577056523e-34,1.22312712230045e-28,1.81392962651738e-19,3.78436835212785e-14,0.115425601747407,0.0275924084581588,0.18812308961887,0.668374417759381,1.50330542293188e-07,0.000484251035235916,8.10502776174515e-08,9.03567705469808e-14,1.90866855061988e-17,1.12367417750123e-18
"Vietnam_7069",4.18691981120646e-28,2.86820420952377e-22,4.74376619703438e-19,1.37519789622685e-12,1.69662160288881e-05,0.0116141763134994,0.000419656526053646,0.987948645924398,1.16172136700054e-12,5.54994512730201e-07,6.83964295275115e-12,1.61303875260106e-11,1.10344950781992e-19,1.67174148738693e-19
"Vietnam_7070",1.30154462504329e-18,2.49282124896305e-20,9.18903912907614e-06,0.000721141572646289,0.000103773894372901,0.0201321623407792,0.000571720102095173,0.97840254978338,3.72832499865989e-14,5.94632357487389e-05,1.51104210532298e-11,1.65515936641181e-11,6.7157394147951e-14,8.28302905314646e-14
"Vietnam_7071",2.71687793007619e-22,2.26653052080979e-22,3.25114698767693e-09,4.0233949042149e-06,4.02193871041254e-06,0.00047794927051707,0.0798608278379665,0.919622201327775,4.55841783905063e-19,3.09089616783493e-05,6.37338600427107e-08,2.83440738712814e-10,4.16359087755072e-16,4.41855304845383e-17
"Vietnam_Cat_Tien_7176",1.2021583325058e-21,4.00766739122943e-17,8.08441716223204e-15,3.63283794615156e-09,0.0529794146644777,0.149804574531825,0.000407263128298232,0.796799239304537,3.56875652248682e-12,8.47214642212902e-06,3.73636229229788e-10,1.03220838352239e-06,4.3054619937969e-12,1.69930460077061e-12
"Vietnam_Cat_Tien_7178",5.28005669786443e-25,5.18436877495877e-20,8.10699217537581e-09,0.0389452328059633,0.0249415194610889,0.752877103250485,0.00404676517741313,0.178605354232246,4.4363540697886e-12,0.00040953627464681,0.000171086243140976,3.39444358425747e-06,1.8059140670597e-15,1.55602801269937e-15
"Vietnam_Cat_Tien_7179",4.55345543676548e-24,7.67360331155789e-18,1.15138934821843e-14,1.33702939217227e-07,0.308000934011824,0.179570896236166,0.00546113625830113,0.506040466033452,1.18948229830163e-11,0.000926286442435738,3.87773318611989e-08,1.085256435244e-07,1.86660476184814e-18,1.17126327592732e-18
"Vietnam_Cat_Tien_7182",2.73208479155847e-18,9.02155378234611e-15,5.18049491831818e-08,0.0833377780362815,0.000211240012308559,0.894081852590658,0.00111232857005867,0.020733602730253,2.04165992525692e-07,7.97309634223134e-05,0.000424763766239767,1.83136668712197e-05,9.67551118538907e-08,3.69378443544522e-08
"Vietnam_Cat_Tien_7183",1.23427981831167e-23,4.26409024888182e-19,3.29681059036445e-11,1.31924361981866e-06,0.0111684935881573,0.333279192401131,0.245874965435931,0.40960444974647,4.3452261568076e-15,7.15780725402635e-05,1.10292182047805e-14,8.25125543750112e-14,1.3747977074888e-09,1.04286684859494e-10
"Philippines_6448",2.24416909082668e-31,3.12670075080454e-27,1.16590262583116e-16,2.91904014412993e-16,4.29470636657868e-18,3.06674628515665e-10,1.68550145845482e-14,9.7571803508306e-15,0.999999999693298,3.33374308674172e-16,1.09693144419129e-17,1.54355250250493e-22,1.00587366912605e-21,7.55982922627216e-23
"Philippines_6449",6.53466491806426e-32,8.24383345283045e-27,3.02483926378148e-23,2.09403412827854e-21,1.28008170639309e-20,1.74513722105351e-13,8.40517772069303e-18,1.20035044833839e-18,0.999999999999825,5.96555820906159e-18,2.02812304416039e-20,3.1188580137204e-27,1.84962348824234e-24,5.62893042947468e-26
"Philippines_6450",2.3850311058119e-36,3.99012963013773e-31,2.25025122877066e-24,2.91945351450781e-23,1.40144292217277e-21,2.69250030406937e-14,2.59246233464879e-18,8.73966175387137e-18,0.999999999999973,1.09439615894729e-17,2.06600909022925e-16,3.50267074359716e-28,1.13125144142512e-29,5.54403003005772e-31
"Philippines_Batanes_Province_7093",1.03111802066216e-38,1.03411194526589e-30,8.90547925836846e-29,4.86393799354978e-23,2.03328820805821e-14,5.60971551985894e-10,9.49417713822386e-14,6.83084368699673e-12,0.999999999410631,2.00831666622175e-13,2.1250738174452e-11,4.88317267480713e-18,2.52004400952718e-25,5.813327466817e-26
"Philippines_Batanes_Province_7094",4.24230717585855e-23,3.44529628380924e-18,5.79576848606169e-13,1.22095728222062e-08,0.000159240182683848,0.568746910031325,0.000319929076958044,0.00652934711189867,0.422981015975527,0.000955237926091573,0.00030830748524781,1.15609212204954e-13,2.43038394530668e-18,1.77223371646441e-18
"Philippines_Batanes_Province_7095",7.53461678262288e-25,1.86046696730271e-19,1.74010468586334e-16,1.54078924211391e-12,2.17389658906525e-09,0.000336174332730948,7.43502843623226e-08,8.58293343385438e-08,0.998335001013501,2.19355518013936e-08,0.00132863906268323,1.30046619864158e-09,5.18211430561101e-15,5.25587836501789e-15
"Philippines_Batanes_Province_7096",1.23985268573257e-30,5.09709739819235e-24,5.3477513666226e-21,7.8022957331311e-15,8.70443076425835e-11,7.23303147785243e-07,1.42164576928859e-07,2.3866689454331e-08,0.999998400386664,1.86874284388119e-07,5.23317521753912e-07,6.30086518591057e-14,8.39655952586851e-22,1.0075156642319e-22
"Philippines_Batanes_Province_7097",3.42411557255502e-43,4.32241399079972e-35,1.59158799013758e-26,5.22673154223336e-21,4.52083306255394e-14,8.22577213549001e-10,7.18387834440962e-13,4.19810054740781e-11,0.999996703381519,8.26947429736163e-10,3.29492621189776e-06,6.25413939447371e-18,2.32695920637261e-23,2.70191410200023e-24
"Philippines_Luzon_7098",4.11524835069991e-40,2.36294322082071e-34,4.38236933584255e-25,8.45021499580304e-25,8.03050027934652e-24,2.74105135137339e-15,1.97643346824027e-19,2.12524345771861e-20,0.999999999999997,1.58195490604412e-20,7.14552277445409e-21,6.94516152431675e-28,2.00124883436519e-28,5.12023063224976e-30
"Philippines_Luzon_7100",2.14321533084078e-31,8.10665276005853e-28,6.44080790543624e-18,5.99169920507053e-17,6.49798882891924e-15,4.91826475253658e-09,3.09500793664589e-14,4.42359133357208e-13,0.999999995081079,7.7319840471697e-15,1.68641909353106e-13,6.0534040599504e-23,3.50888517472652e-24,1.41905280419535e-24
"Philippines_Luzon_7101",3.18161063748298e-32,7.62976209353337e-26,6.02700320658089e-21,3.51934670528053e-15,2.09221317007325e-12,3.88891988433626e-07,2.46375572953161e-11,2.03461427940731e-09,0.999999608880371,1.65883893081383e-10,4.09401104674323e-13,6.23607686698548e-20,9.2880679381385e-22,1.14885556861746e-22
"Philippines_Luzon_7102",2.01768204877586e-34,1.46697666415214e-28,2.71810230032633e-20,4.32808177277555e-18,1.46354074385822e-12,9.49679392745232e-08,1.29517892847467e-12,1.19044556620959e-10,0.999999904817183,9.30732219097752e-11,1.31388904308154e-15,5.40337294653845e-19,2.33331774095966e-23,1.34722358452348e-23
"Philippines_Luzon_7103",1.57174789955487e-34,8.28583691944565e-29,1.17571278987459e-23,4.63540008904639e-21,4.60488915495761e-18,3.04643113372419e-12,2.7982949402874e-18,4.48217023551745e-17,0.999999999996954,3.5515012055705e-17,9.14785124904234e-19,3.16394978060268e-27,6.28739306525408e-26,1.45182440611984e-27
"Philippines_Luzon_7104",8.12879353624084e-40,9.18752701773029e-34,1.41752899860439e-24,3.93597433763325e-22,8.00696922077004e-19,1.04949309574084e-12,5.42080565791346e-17,6.99694966193714e-16,0.999999999998919,2.54897331501564e-14,5.06797195075815e-15,1.71934649086561e-24,4.70118853799659e-23,1.45878138070447e-24
"China_Jinghong_6683",4.19798540074871e-21,7.84571836993367e-16,9.05958698545127e-13,1.35201109195914e-07,0.898449203741265,0.00102262950494417,0.000584632725229448,0.00403099615256046,8.27054583139654e-16,0.0959124021481389,3.71292631660125e-10,1.5455241648844e-10,5.80558811873523e-17,6.39284629316827e-18
"China_Nanning_6689",2.64616358902888e-24,1.15783435459857e-18,9.9245737112166e-14,2.34909216447416e-07,0.000353414290611609,2.2320348549543e-05,1.12584545686864e-07,2.58849895202865e-05,4.32426020688096e-17,0.999563479263627,3.45535814827862e-05,3.2314960284975e-11,2.45420567157087e-14,7.6076928449378e-15
"China_Nanning_6690",9.04303810849922e-27,6.63275261021909e-19,2.2348588192959e-20,2.93158497206642e-10,0.000318172938422535,0.00208165526463683,8.36315060565083e-06,0.000400186162531759,1.13484065542199e-06,0.996735985709369,0.000454427255835388,7.43791064528565e-08,4.55550191171228e-12,1.12291805533719e-12
"China_Nanning_6691",2.66782591655068e-26,2.46594549195392e-18,1.56966636521904e-19,8.82481865060696e-14,1.40160998689251e-06,1.92934488420642e-07,1.0489587020097e-08,8.69285875423007e-08,3.11691934942419e-15,0.999205255116588,0.000793052920354969,3.15931377490679e-13,1.23059988427123e-19,1.90094029346777e-20
"China_Nanning_6692",6.39407967954662e-27,5.29758340966952e-21,8.31967493026377e-12,2.81434770742474e-07,0.552026616508082,0.0145051785574576,0.000171857782034162,0.0114952639137866,1.81409545176691e-14,0.421800792531003,7.83875732640421e-09,1.41571007337935e-09,5.82878262118623e-12,4.23149427672637e-12
"China_Nanning_6693",1.4635304884032e-28,1.35828587608419e-20,2.71848331325794e-18,8.07034091545358e-12,6.37786138217607e-08,1.04321640628345e-07,2.70190216536758e-07,7.07286626110883e-08,1.04687291153627e-16,0.99998672462607,1.13720936646094e-05,1.39425306164102e-06,1.65068361918424e-17,3.58540331366582e-17
"China_Nanning_6694",9.61419004058261e-24,3.53616901786624e-16,4.63163056377557e-16,5.46889213696755e-07,0.147736317970655,0.788178492805138,0.0107074935837495,0.0130223239775274,4.42093070155755e-08,0.0403021057617606,4.70497268013702e-05,5.62507580044079e-06,4.25365159963862e-14,3.3598867763009e-15
"China_Nanning_6695",2.29677676979215e-20,1.225491491702e-13,1.26620259785823e-15,7.02262539252627e-11,2.28702212805987e-06,8.45894779751759e-05,1.28149943923293e-07,2.0780460091629e-06,1.15508235841547e-08,0.999907288662419,3.61701509456516e-06,4.08616919364734e-12,1.11615001476635e-12,5.43560055546955e-14
"China_Nanning_7174",1.11286303214112e-25,6.46310330097813e-21,1.12217480887018e-15,3.4920120834755e-11,0.000189665851273135,1.91780331146199e-05,0.000761511111956365,7.55887846217981e-05,4.5428046475685e-20,0.998951599150194,2.4570334579132e-06,3.9992993996909e-15,4.55656498728362e-13,1.3298177977069e-15
"China_Nanning_7175",1.02483190115555e-19,4.17147738376921e-16,1.16054995180959e-11,1.31138634199734e-07,9.14127826146644e-08,0.000113242955492762,2.14440101049086e-06,0.000118410487571405,2.23701703414069e-07,0.984559644409414,0.0152061114803251,1.45694702442954e-12,2.56937350032859e-15,5.91065757229013e-16
"Taiwan_6790",7.35308873433419e-29,5.83493895059478e-22,1.49646672447736e-19,1.36032460246907e-11,2.21601865334786e-10,5.35737222721019e-09,1.44452545400034e-11,5.35190859694009e-11,3.33158934056354e-15,0.000195671458256777,0.999804322880315,8.83076593247676e-13,2.03464858838633e-16,1.08566853190887e-16
"Taiwan_7010",1.46673966254931e-27,3.40649976985067e-22,6.08462979358783e-18,5.06041626394321e-12,2.9482055735331e-11,3.59761207452547e-08,5.91084984064181e-12,3.41302162715515e-11,2.4106592148174e-10,2.51508261670585e-08,0.999999938557387,1.64037454032544e-14,1.93794127552561e-17,2.53725034799677e-17
"Taiwan_7012",7.17892182479549e-34,7.71888491636821e-26,4.48572350611724e-25,1.61799444173353e-16,3.18189011426535e-10,4.4731098351189e-09,1.52985579279395e-12,1.09681285926922e-10,4.7119464801321e-16,2.81278418260359e-08,0.99999996502545,1.94400565479458e-09,1.16065451758636e-13,7.64363799356085e-14
"Taiwan_7013",1.33517194436518e-17,1.17844084758577e-11,1.96137513844866e-11,2.17849516653279e-06,2.14008168294034e-08,1.7570533921811e-05,1.47187753152503e-08,3.19031889015706e-10,2.40509450799783e-08,0.000183922117554942,0.999793317744997,7.3848225801008e-08,2.00322826398035e-06,8.73510902451277e-07
"Taiwan_7014",1.42723724379823e-37,1.41373356206327e-29,7.53951528737744e-26,4.29783257375742e-19,6.18509512335737e-13,4.0071460269886e-12,9.16116275472435e-15,7.20181923670517e-14,2.01819008960932e-11,6.32060825326679e-09,0.999999993653317,1.18615052293404e-12,4.00714605372602e-20,5.8710237668052e-20
"Taiwan_7015",3.33899564950923e-37,7.59849907461028e-30,1.76655037752946e-25,1.63237904117326e-18,8.82824905900302e-14,5.97561973522605e-14,1.83801526870878e-16,1.48136549020933e-14,3.15137028990113e-20,6.91631042251912e-08,0.999999930831033,5.70002342187510e-12,1.07765481570304e-20,1.2032701578991e-19
"Taiwan_7016",7.50638541269095e-33,4.62282682938214e-24,1.45714158147218e-23,1.86647149968723e-14,1.82381559888446e-11,1.24084879648949e-09,6.75555275864544e-15,1.89619233883636e-12,6.63258369530644e-16,2.0340322525508e-06,0.999997959549966,5.15079104698284e-09,9.67326985686401e-13,5.01447680822665e-12
"Taiwan_7017",1.70479016263378e-34,2.00143810952283e-27,9.74299863840408e-25,2.2061923471717e-18,3.78925520265999e-09,2.65737172511106e-10,2.1107236932838e-11,2.62238616293328e-11,2.83149696095404e-10,4.16342252160592e-06,0.999995832192005,3.27795546021835e-18,1.30390935499832e-21,9.39801978169556e-23
"Taiwan_7020",1.2186218118226e-28,8.66270310197284e-22,7.53356373679896e-21,3.85946267291523e-12,1.16848384113951e-07,9.41202399652422e-08,3.58919647835396e-08,8.18934739879537e-08,6.34793597156078e-14,0.763517883852095,0.236481787389896,2.34649663548636e-14,1.65936730753179e-17,1.71511998442276e-18
"Taiwan_7022",1.98138370683336e-33,8.65522264584803e-26,5.31543970970215e-23,7.58880343426119e-16,1.33925066681482e-12,3.34904658828526e-12,1.27786048194557e-15,2.8155255728003e-15,3.13531506065608e-15,5.63495498098129e-08,0.999999943645579,1.75301547821889e-13,1.12499191382416e-22,3.60430728129325e-22
"Taiwan_7025",8.24953857448825e-34,2.37515010677323e-27,4.82024712966618e-22,1.67402756517303e-15,2.75694437685851e-12,5.03823745444837e-10,1.97687829247721e-12,4.75318390170463e-12,7.38894233427628e-11,2.98587766681519e-09,0.999999996426797,1.23373222340372e-13,4.88010685211356e-21,2.36354512129983e-21
"Taiwan_7027",5.33248651816024e-40,7.45412581401263e-32,1.21743488807494e-27,5.10515095907656e-20,9.81472184606944e-11,1.90551053114154e-12,8.53597000509197e-14,1.50471925636927e-12,4.39475051302132e-16,4.95645513561515e-06,0.999995043442112,1.109507706616e-12,1.30474034488823e-23,1.95082782921922e-23
"Taiwan_7028",7.62438302080099e-37,3.73713815649276e-30,5.16924481805971e-24,1.46255187005286e-17,1.47016646582075e-12,2.58886778904812e-13,1.45505079852086e-14,1.85774693853922e-13,6.77609691276652e-20,1.76082034661853e-08,0.999999982375713,1.41538837671717e-11,7.33848917551326e-19,3.59015761272108e-18
"Taiwan_7031",8.35606227137963e-25,1.18397773950472e-18,7.11195407210953e-17,4.32577172996275e-11,1.86569811786786e-08,2.8366741043426e-06,2.55916782811029e-07,5.60683256902004e-07,9.62520644653379e-10,0.0197752160935761,0.980221110966606,2.91432685553758e-12,4.73914282752787e-23,1.54474612182939e-23
"Taiwan_7033",5.03239923636608e-29,3.06116873649966e-23,8.67100727751804e-16,1.71545991714348e-10,4.21498637095825e-07,2.50174614052762e-07,9.24060296562925e-09,1.18009625717308e-07,2.45299720954922e-14,0.000305526426997577,0.999692864305146,8.10172804738738e-07,4.81399298228918e-17,1.5219680183602e-16
"Taiwan_7035",1.31623901966121e-33,2.78657420628784e-26,2.58073828453221e-22,3.74851674804281e-15,3.77387528460109e-10,3.72207110512979e-09,3.82562468031965e-12,3.34592829061497e-11,8.39411532705562e-13,9.58543087992574e-07,0.999999037254556,6.47695555163474e-11,4.97986132281156e-17,6.63643328036857e-17
"Taiwan_7036",7.49430387399993e-36,2.18376079741064e-29,4.92775877923519e-23,6.55046269517892e-16,5.99587745028599e-08,1.57536752857904e-07,3.52294949514191e-08,5.06630933207937e-06,2.62890611639569e-12,3.70393897992458e-05,0.999957641472923,1.00294088329182e-10,1.49415890013764e-19,8.31570474733572e-20
"Taiwan_7037",7.78292176668506e-30,2.53273210867536e-23,5.16862762786653e-22,1.3485683777663e-14,3.50398869611371e-10,7.96172365217807e-10,1.67501086161448e-09,5.96491244391789e-10,6.98479708228574e-19,3.47049207070859e-06,0.999996525888174,2.01667879433548e-10,1.29644592024267e-16,1.62455200021512e-17
"Taiwan_7038",3.52572204612823e-35,5.98232566520257e-30,1.51141428777346e-22,6.58731003697613e-17,6.39797296692707e-11,7.9940369611153e-10,3.15732847389134e-08,3.73863509703794e-07,1.49965509033957e-17,5.65237111766127e-07,0.999999028462528,1.82017174798789e-13,1.84913295754706e-18,4.93139279663116e-19
"Taiwan_7041",2.64205800583783e-27,3.09834732005347e-21,1.63837104233827e-17,3.19957467135346e-10,7.58872116007406e-11,2.31882089713847e-08,6.88546390274163e-13,5.28415360236888e-11,4.47570552268105e-14,3.02278906552254e-05,0.999969746057372,2.41416718426874e-09,3.38018000235049e-14,1.43281455264317e-13
"Taiwan_7042",7.55099821914047e-34,2.76431285733133e-27,1.14091492352045e-21,3.9195696825404e-13,1.03621634878628e-09,1.42115454973243e-07,2.08160459372982e-09,4.58155009754151e-09,4.9926080554306e-16,8.27385914988595e-10,0.999999841294907,8.06236232030201e-09,7.60300229617936e-14,4.99198590955621e-14
"Taiwan_7044",1.31824931466354e-32,6.95310143435989e-25,9.01971439356779e-22,4.79496860961535e-13,5.77130986253016e-10,1.14912081853621e-07,8.13162750268327e-12,4.1733707410515e-10,4.53909076988306e-10,7.58062668280498e-07,0.999999125568165,9.65630036718024e-14,2.66981427680097e-20,6.17303926561242e-20
"Taiwan_7046",1.27871054434352e-30,6.28023593537949e-25,7.59274472123493e-19,3.34023522205382e-11,3.60815868130839e-07,1.24746064350876e-05,8.22632284208444e-08,1.45614065367604e-05,7.54308373054443e-16,1.3584661309875e-06,0.999964828304468,6.33410386690183e-06,7.82172677046812e-15,5.47212211670774e-14
"Taiwan_7047",5.49635977616938e-36,3.62703757806962e-28,2.41177225528603e-26,2.69284934675903e-17,4.74296012138273e-10,1.42288653029539e-09,6.02693680076658e-13,6.28466324670307e-11,5.01289258643625e-12,2.18434411927686e-08,0.999999976190412,5.02225410777247e-13,1.62031075930344e-17,2.42024482685547e-17
"Taiwan_7048",5.99580949086192e-37,3.16025713712515e-30,1.3685227250322e-25,2.62832398886626e-19,4.71922218421596e-14,7.66031328311374e-14,1.45798199431134e-16,5.7101789404489e-15,2.09345127974244e-14,1.42369341540563e-09,0.999999998576156,2.86339653421741e-16,6.54416524964952e-25,1.55765957861311e-24
"Taiwan_7049",2.09946332057409e-40,3.80527353223329e-33,2.53040044308566e-25,3.72009237412015e-17,1.72220919943331e-11,1.22667498493981e-10,2.51480372493929e-14,1.92589859128878e-11,2.0792550574166e-14,1.26229876959156e-08,0.999999987215231,2.58651449657181e-12,1.14919320529361e-20,3.38893668713446e-19
"Taiwan_7051",7.29647331467276e-29,2.80289507616943e-23,9.3266170733959e-19,1.07747537382476e-10,3.72599239967432e-09,1.7965799508812e-08,2.48136884255819e-11,7.40362356176517e-10,1.03860068689606e-15,2.51886003762741e-07,0.999999724970538,5.78740558381883e-10,6.66932462121309e-17,6.15461191092341e-16
"Taiwan_7054",2.87771504265898e-34,2.41215320519686e-26,1.55391914750045e-25,5.14074126399705e-17,6.0508193886966e-13,5.72663970352344e-11,6.9456342130126e-13,3.73159010887597e-13,1.63326881068401e-13,7.94391145686703e-09,0.999999991951555,4.54307206516994e-11,1.95730738492196e-16,3.31218300842617e-16
"Taiwan_7055",3.29759613710517e-29,3.20273782903436e-24,3.4863618259028e-15,7.15214276101785e-10,1.30167606459067e-09,1.07649231052634e-05,2.99636226599033e-07,4.24139525851671e-06,5.987850540992e-09,0.000533011926375347,0.999450260956423,1.41315785810704e-06,1.30450484977636e-15,7.5448795040145e-15
"Taiwan_7056",3.74539469650219e-32,3.37006672650376e-26,2.45457652071538e-22,6.10050044293938e-15,1.58336517551048e-07,3.89841744720191e-08,6.35878604396213e-10,1.80261152480083e-07,9.1477996552098e-12,2.94390247050591e-07,0.999999327382873,2.49609756700824e-15,2.77619971994038e-20,3.90138581771724e-21
"Taiwan_7057",3.77514777910754e-36,1.61651037674622e-28,1.53758603260346e-26,1.34493343401919e-18,1.40476581785722e-14,1.61302962180965e-13,7.42341356512662e-16,7.81783491285156e-15,3.57824746855463e-15,1.22099744898803e-07,0.999999877899282,7.85822721812505e-13,2.9282169802418e-20,6.94948991311e-19
"Taiwan_7058",1.2763567506369e-26,1.1256440654684e-19,2.45033589214165e-18,3.60263168172497e-11,1.119519253437e-05,0.000124714336837603,0.000805513459477516,0.00278398755102743,1.72990233375119e-10,0.00149504252173201,0.994779546321863,4.07511244875619e-10,2.37077218519167e-21,1.3865872062648e-22
"Taiwan_7059",4.47794062870162e-44,1.03668082411512e-34,9.04277544340263e-30,7.59952889601706e-22,7.03349150948657e-10,1.03337513232291e-11,1.69317213170183e-12,6.1919394643863e-11,1.6592320199074e-12,3.76730468260061e-05,0.999962326174196,2.36091277421993e-14,1.95362702209175e-25,5.809779953328e-26
"Taiwan_7062",2.17128068102117e-34,1.00665699333487e-25,3.99176920527679e-26,2.26292406057596e-17,1.45166466928281e-11,8.70816292589745e-11,1.96663241509006e-12,6.47830938210982e-11,4.44884251212631e-18,5.84255667764487e-06,0.99999415299419,4.28078400472364e-09,3.44808337350427e-17,1.81902109120889e-16
"Hawaii_Oahu_6307",2.13811401957854e-32,2.76775129408194e-25,1.7320310047044e-20,3.88923349833086e-12,1.40266513799966e-13,1.67293714253558e-09,6.1183058008866e-14,7.05514490607537e-13,6.36031531627953e-22,7.25037826794113e-15,1.19394819130294e-14,0.999999890617607,1.17645399549389e-09,1.06528186791334e-07
"Hawaii_Oahu_6322",5.7049755564982e-35,1.37056258054452e-26,1.65813917422717e-22,4.70551033013709e-13,6.2110643886968e-11,2.16504545063864e-09,6.93080533945789e-13,1.21246013551085e-11,5.67829465630267e-21,7.28069413403987e-12,5.74527121949139e-11,0.99999999767665,5.74186818677927e-13,1.75978810337287e-11
"Hawaii_Oahu_6324",5.81932253256987e-34,3.43192210645091e-26,4.19485825960918e-22,4.83703533798407e-14,1.64135369494147e-10,3.35677849144354e-08,3.82464221965458e-11,2.50680559283656e-10,2.99659872702665e-18,9.7026097538292e-11,7.61066212747545e-11,0.99999996553132,2.72420762111866e-11,2.47409347072321e-10
"Hawaii_Oahu_6327",4.68845121469713e-34,2.46172100698997e-27,1.0031517261793e-20,1.40990784142448e-12,1.05813023623124e-09,7.58142558915416e-08,1.52384447815338e-09,3.73357649770061e-09,2.13103165045114e-19,2.56912472920154e-10,1.96778255829043e-10,0.999999917413992,6.15536204281811e-14,1.03876259716167e-12
"Hawaii_Oahu_6333",5.92825939627246e-33,1.49847081033251e-26,2.66251534931741e-20,9.31699519131811e-13,7.29725993174699e-14,2.39073806716203e-11,9.2639324100087e-15,1.88658397909299e-13,1.67535932417228e-25,1.24958553873713e-13,4.58666050603369e-13,0.999999990701392,1.23267459167553e-10,9.14964697778923e-09
"Hawaii_Oahu_6338",7.28614628948523e-38,6.37704105207424e-31,8.54156814506811e-23,8.76983408302873e-15,6.49778653050591e-10,2.92987910181288e-08,1.70404413405305e-10,3.07710300035358e-09,1.16443040991578e-19,2.53268711338446e-13,8.04900174992479e-13,0.999999966802751,2.01592158021434e-15,1.02776396518069e-13
"Hawaii_Oahu_6342",1.56500109704692e-34,1.14886994883863e-25,2.83309323021981e-24,4.10852505722472e-16,2.39720186382301e-12,1.46682624188846e-10,1.82933726088619e-14,9.24412338247054e-14,2.43968845521383e-18,1.58649625043101e-10,6.76042898410508e-12,0.999999999684035,2.02866016907633e-14,1.34335932415721e-12
"Hawaii_Oahu_6346",1.99047979927334e-41,3.47089347644355e-32,5.74335823824576e-26,2.36577059252171e-19,3.28100495208975e-10,1.93709749846765e-12,3.90362379986029e-14,3.26686113910495e-14,8.42343679519589e-23,6.48646459298916e-09,8.53168546913868e-11,0.999999993098065,8.46106494936625e-16,4.30871206679643e-14
"Hawaii_Oahu_6352",6.06416869803868e-37,9.89665597471999e-28,7.40205422522506e-26,5.25139793172565e-17,8.0694802383363e-10,1.39665509035447e-10,1.55630709957282e-13,3.15929561009746e-12,7.40370320373345e-19,4.8168984237889e-09,2.21059758818196e-10,0.99999999400963,3.13027786985608e-14,2.45237264210135e-12
"Hawaii_Oahu_6363",2.84627941720505e-32,2.75597007006989e-25,2.45473180022253e-20,3.24047044158111e-11,1.10412775610166e-09,1.94270911880089e-08,9.88247782552848e-11,7.60045503491102e-10,1.01425954631308e-23,3.69319495842867e-10,6.09494557796716e-11,0.999999975872892,7.47804728137335e-11,2.1995643493457e-09
"Hawaii_Hawaii_6460",1.37430702519192e-30,2.73509549233088e-24,2.46920306218191e-20,1.02225762319707e-11,2.6663182570718e-12,3.54699303830098e-08,8.57345343301462e-13,2.32875973676997e-11,4.19320383311521e-21,4.43674554964048e-14,7.18444735874388e-13,0.999997842070099,1.24049214165367e-08,2.11001725220835e-06
"Hawaii_Hawaii_6461",4.8655866753284e-31,1.29617727378213e-24,3.65856855513715e-20,4.37803576171166e-13,3.21819503431837e-09,5.45211159474302e-08,1.58037593528024e-09,2.09294047483082e-08,9.0766045508257e-18,4.32371127948137e-08,0.00013189088607282,0.9998679855407,3.24313535616445e-12,8.33416813422076e-11
"Hawaii_Hawaii_6463",1.81015717709631e-28,7.67496368358655e-23,7.3149876513607e-18,8.75767108407475e-11,2.8203623504889e-09,4.63380224168384e-06,1.68426856651142e-08,1.17708624138555e-08,1.06161065372189e-16,2.39996798014355e-11,2.81378053225739e-11,0.999995312640812,1.32498751740964e-09,2.06583340170782e-08
"Hawaii_Maui_6549",1.15746575187476e-32,5.8284518666117e-26,1.86059863208819e-19,1.35851586434613e-11,2.86596927708484e-09,4.47576997894677e-08,7.61378451366137e-11,3.52603093897781e-09,5.68894355416902e-22,2.23639803530426e-10,3.30208430546081e-13,0.999999948499333,8.03079408268487e-13,3.64707964570575e-11
"Hawaii_Maui_6550",4.87340296130886e-35,1.24892474724013e-27,4.96206949482715e-23,3.77015510262706e-14,2.85338283614638e-13,8.16421335083417e-12,1.19401550293266e-15,1.45391946463615e-14,6.50143996688322e-27,1.53507998089023e-14,3.74049569891628e-14,0.999999999468172,9.29974709882439e-13,5.22342526252656e-10
"Hawaii_Maui_6557",6.32554281427407e-30,6.84551451574472e-24,1.28535081410982e-14,1.16950752194203e-08,6.71145386345069e-06,1.28836643057146e-06,5.30934094801508e-09,8.99885696456185e-07,1.28174550083794e-18,5.52832574431561e-06,1.28696244737126e-08,0.999985539198802,7.17794181177738e-10,2.17761593907007e-09
"Hawaii_Maui_6563",3.79876499103948e-28,6.21571733835931e-22,8.37835207594749e-18,2.18530787366582e-09,3.36565575879014e-07,4.65643660201783e-06,3.99484668071337e-08,1.63364153800372e-07,2.51126449553772e-19,5.51283893947405e-10,4.04296258436417e-10,0.999994798799327,4.25527864723147e-10,1.31945833831148e-09
"Hawaii_Kahoolawe_6568",7.34782093812555e-31,9.53054115598769e-23,1.52747948651515e-19,2.86124990448702e-11,9.37808998521547e-09,3.75193762579612e-08,2.99247546160291e-11,1.52006142021631e-09,6.50261808623001e-20,5.22040499074179e-08,7.05261314196801e-11,0.999999898941226,1.99647709559995e-11,2.88168883307182e-10
"Hawaii_Kauai_6601",1.89258277384049e-28,7.98816692568829e-22,1.48163835967512e-18,8.4417297545749e-09,9.50346211356011e-10,1.33612647684425e-05,2.97540168700296e-09,5.07322127154265e-08,5.47830619460526e-17,2.65820280696083e-11,8.60528968244286e-10,0.999986567382404,2.62761422664852e-10,7.10326492250301e-09
"Hawaii_Kauai_6604",4.80416670011544e-32,9.27147532251742e-24,3.69808973989454e-24,2.8857290587173e-14,3.40178308706742e-12,1.03456322682791e-10,8.15232373851163e-14,7.08029192365895e-13,3.63596169189727e-24,1.18163204503764e-09,2.15742433247689e-08,0.999998725514548,1.16137992696226e-08,1.24000810038229e-06
"Hawaii_Kauai_6625",1.79282152100684e-32,1.39015646202156e-25,5.59558590730383e-21,1.59679005727683e-12,5.72609153307632e-09,1.01587579408479e-06,6.71480591809616e-10,1.07640288437784e-08,1.3866000110224e-18,5.85811656439596e-11,9.69863849610073e-12,0.999998960737348,1.85499471367199e-10,5.96988126048678e-09
"Hawaii_Kauai_6643",8.39415722454694e-37,2.12655571907746e-27,4.52427292225928e-27,5.06407023334493e-18,5.53793017803468e-13,1.53928750126e-13,4.8928634820529e-17,1.04875705172783e-16,3.0726081017953e-24,1.6554906539326e-10,4.98784407049231e-10,0.999999999292025,1.08755080548568e-13,4.28252531748259e-11
"Hawaii_Kauai_6645",1.4872142328883e-37,3.01804968411501e-30,2.82260750390295e-24,2.70862912014162e-16,1.03023710794751e-12,9.40415614900756e-12,1.50579699157652e-15,4.12580655049811e-15,2.73657216075185e-26,4.83285775955002e-15,3.19072647124325e-16,0.999999998338372,2.16571886217919e-12,1.64901683389099e-09
"Hawaii_Kauai_6646",9.35968528982743e-39,1.37958354138772e-30,8.41470383853602e-25,3.38144629165646e-16,9.29129547733974e-11,1.24046110675467e-11,5.12097898917286e-15,1.4033768920421e-13,3.66272040311218e-28,3.84845823984094e-13,1.30902498557843e-15,0.999999981353915,8.75685361726152e-11,1.84526672929899e-08
"Hawaii_Hawaii_6848",1.74081013833033e-34,3.27630614616887e-26,3.23355488140688e-23,6.97537375516443e-15,5.91050694786673e-12,1.69712239744492e-10,4.21812330554967e-14,3.78968186802802e-12,1.35447776115507e-20,5.22864607718322e-11,7.70353262902198e-13,0.99999999976511,2.80263000541116e-14,2.34393242559433e-12
"Hawaii_Hawaii_6849",1.31997324171959e-37,3.29936998977241e-29,1.5370051615015e-25,3.71990507450515e-16,5.0161834953897e-11,2.14152079490486e-10,9.54325238286311e-14,7.34367264842223e-13,4.98163094362637e-23,5.138585996788e-13,1.19577801077414e-11,0.999999988336794,2.28755414522622e-10,1.11568348827684e-08
"Hawaii_Hawaii_6851",4.21413839483937e-32,1.46446714105047e-23,2.93619965236175e-22,6.5167721766179e-14,6.45173906955189e-11,3.58169518787906e-08,3.42531348501756e-12,4.78568833113e-11,3.82209758127399e-15,1.0109430487872e-08,6.17710149187639e-08,0.999999891415649,3.39170112858416e-11,7.37167709546528e-10
"Hawaii_Hawaii_6852",1.63245859671688e-30,4.46614597396563e-23,2.67859726550985e-22,3.59236676422683e-12,1.45018535693399e-09,4.31997870865743e-10,1.39988114070364e-13,1.82171723979494e-12,4.59241527939983e-24,8.35388376271715e-09,2.4702874663397e-11,0.999999989438861,1.54673719873277e-12,2.93268513058819e-10
"Hawaii_Hawaii_6864",1.37551969480596e-36,9.19357081626163e-29,1.35359414216973e-24,1.14623469572846e-14,1.67000077187598e-13,3.57335122237675e-13,1.02510633864669e-16,3.26710103499956e-15,1.17175052737993e-30,1.33684464217873e-14,9.21551871995768e-15,0.999999998414475,4.12415225356487e-12,1.58083923900148e-09
"T1F.1_T1F.1",2.21398694561106e-22,1.56070853966499e-19,4.65745265034055e-14,5.38758801694522e-09,6.69855553035233e-14,5.04686020490001e-10,6.24328736212878e-15,1.3745916682595e-14,7.01694641752405e-22,6.04238487472057e-14,1.39622369813382e-16,1.09918835915253e-08,0.23406710861181,0.765932874503838
"T1F.4_T1F.4",3.94348364059663e-21,8.00463377770979e-18,1.18537728152396e-15,2.90084124414303e-11,7.59166454278805e-14,7.55963813887624e-11,9.15530533105883e-14,2.67247127259752e-14,1.86001476721504e-22,2.17404114606121e-14,7.67502663406775e-17,2.50562315591662e-12,0.994931246323312,0.00506875356936013
"T1F.5_T1F.5",8.19761649776066e-23,4.06677566540068e-20,3.89580189433995e-14,2.22985744003006e-09,1.21718298670464e-14,2.58352047928677e-10,6.06307585929482e-15,1.37318487364423e-14,4.06909511037907e-21,3.16898271589852e-14,3.985386916269e-16,2.63364146615577e-09,0.446635090971422,0.553364903906624
"T1F.6_T1F.6",1.30431157205659e-19,9.36359196370089e-17,1.95997312916713e-14,5.59344552991009e-10,1.24826788865321e-14,1.199787704772e-10,2.44838164906818e-14,6.82509016126824e-15,1.61242331708223e-22,5.82599948076739e-14,1.69582641670279e-17,8.80971669209082e-12,0.975261162559705,0.02473883675204
"T1F.8_T1F.8",7.1456914796123e-20,1.18090338648175e-16,1.18618346140902e-14,4.40214916030696e-10,5.51717252148235e-14,8.10733488623993e-10,6.59851613309162e-13,5.71300752065578e-14,1.88310804557057e-21,2.1848420498326e-13,8.89601363655072e-18,8.44705339981731e-12,0.985438083481739,0.0145619152578627
"T1M.1_T1M.1",3.16433548646232e-21,9.91265790386245e-19,1.18520712067092e-13,8.3429891562858e-09,4.27390995078979e-15,2.87365953619112e-10,5.39643728347691e-15,7.2302736619341e-15,1.32050053814642e-21,5.78983370622725e-15,1.03273406014841e-16,1.9593384762392e-11,0.721166049543637,0.278833941806273
"T1M.2_T1M.2",8.89064884646993e-22,1.17389953473516e-18,2.46891210187107e-15,4.18534787731572e-10,8.88725949761909e-17,6.63226771742863e-12,1.23747130391513e-16,8.53688730481152e-17,1.87953497307985e-24,1.0146854283416e-15,2.63247774689462e-17,3.65018401823553e-13,0.665912828734494,0.33408717083997
"T1M.3_T1M.3",4.01720861815864e-24,3.25524065397107e-20,8.00808317873098e-17,1.48342508270895e-10,6.26897804167773e-14,7.69881652813873e-11,2.31299563552038e-15,2.424363586798e-14,1.49021176117331e-24,9.90621971601339e-14,2.00070705869164e-17,6.73629012652303e-09,0.312022677178862,0.687977315859329
"T1M.4_T1M.4",1.53152345308913e-25,3.29981069612506e-22,2.47223876928846e-18,1.83204279985995e-14,2.75776581413024e-17,1.74907380597371e-14,1.11749804021254e-17,5.59906616974717e-18,5.83318526251816e-28,4.54642497891322e-17,2.73832871779649e-20,6.75880713544916e-12,0.91811408511628,0.0818859148769248
"RmelF.1_RmelF.1",4.17153072276605e-24,2.30658128855743e-20,5.22904155068731e-15,4.61941593113784e-09,4.19928021089502e-13,1.78212871888915e-08,1.60318024126896e-13,2.04422557135395e-12,4.03433367224277e-19,3.01367163465438e-12,6.59492195241872e-16,1.32977508277315e-07,0.105896123725808,0.894103720850337
"RmelF.2_RmelF.2",2.62869088467655e-23,6.60566911079699e-20,4.17081100049406e-15,3.9329956199751e-09,2.58507941679922e-14,9.60217646890757e-10,6.45631641817718e-15,1.83174204699585e-14,1.96434340907092e-21,8.62358110798442e-14,2.71594675521541e-16,2.57352082696069e-08,0.169685312934583,0.830314656436854
"RmelF.3_RmelF.3",1.35414588503554e-27,4.89725260662229e-24,1.26064499460523e-19,1.24107712678399e-13,1.71601675659982e-18,1.0667632595367e-13,9.83140315068683e-20,1.25146308471569e-18,1.43176145168069e-25,6.27723529747207e-19,2.18505946381858e-18,1.09925489674572e-10,0.0527924162813899,0.947207583608454
"RmelF.4_RmelF.4",1.7544578138236e-30,1.25416540642982e-25,1.07879652406197e-22,8.40016823269615e-16,7.93527066287707e-19,4.30686323309599e-16,1.75811189804628e-21,2.54126179402831e-20,1.62912269805864e-29,2.48691825321076e-16,1.0826604961732e-17,1.29411828060991e-08,0.00924373886242454,0.990756248196391
"RmelF.7_RmelF.7",5.52290006059002e-23,4.53878786803561e-20,7.89752496276215e-15,4.78822092293889e-10,2.9715737014192e-15,1.85521373175261e-10,9.68245149075498e-15,5.71792122436214e-15,1.78979809007554e-21,1.36604995753592e-14,6.19031797242873e-17,5.21236547390956e-11,0.538075054733475,0.461924944550018
"RmelF.8_RmelF.8",5.71821069578555e-30,3.37919585320707e-26,1.35789492459508e-20,3.00637579525529e-15,7.68488138349734e-20,1.37469219998704e-16,1.02780662940668e-21,4.1679888784289e-21,1.03386915289202e-30,1.92524167808434e-19,1.69760880874904e-21,7.07103804214292e-11,0.0678131341203569,0.93218686580893
"RmelM.2_RmelM.2",1.30817383104806e-23,4.89912217989102e-20,1.55244561107273e-15,1.17779972364943e-09,8.59732561975555e-13,3.56327417575075e-09,5.52025449974285e-14,6.89828757601229e-13,5.86030073483789e-21,3.58701153618053e-13,1.43075341484428e-15,4.09261459384773e-07,0.192664777235237,0.807334808760263
"RmelM.3_RmelM.3",4.96640598860041e-32,6.99426866780764e-27,6.37625586514516e-23,4.26991364067687e-16,1.18733035212846e-18,1.92273693407115e-15,6.53192780777756e-21,7.75383223194225e-20,6.97272736189172e-30,1.08246752501064e-18,2.5615727515865e-21,3.67475871601081e-08,0.0264782560697258,0.973521707182685
"RmelM.4_RmelM.4",1.54523590242417e-19,6.73332984797899e-17,5.21329086226415e-12,4.73468071901323e-06,5.64851451516819e-13,3.01783401449328e-08,9.32535631776481e-14,4.68390419520692e-13,1.35135824192187e-20,5.58033978889702e-13,1.73212418980917e-14,1.25774621712212e-09,0.195068997761232,0.804926236115048
"RmelM.7_RmelM.7",1.04324112878256e-23,1.11697714875157e-20,7.83280145902752e-17,1.64941448975439e-11,1.72284371376363e-18,7.63857153835665e-14,9.59031144129727e-20,4.05987874397112e-19,2.93491321517614e-26,1.05031547324598e-17,3.56749669024655e-18,5.119704509078e-12,0.111543587311564,0.888456412666746
"RmelM.8_RmelM.8",5.48376145403526e-22,6.40938588662825e-19,3.1308663128778e-13,3.67928882532812e-08,1.48960892617951e-13,5.80814573250908e-09,2.46709180790276e-13,3.51854207756399e-13,2.05572221689331e-19,1.96363741996188e-12,1.63171603568061e-14,5.7156363391544e-09,0.375165235906593,0.624834715773696
