"","ind.coord.LD1","ind.coord.LD2","ind.coord.LD3","ind.coord.LD4","ind.coord.LD5","ind.coord.LD6","ind.coord.LD7","ind.coord.LD8","ind.coord.LD9","ind.coord.LD10","ind.coord.LD11","ind.coord.LD12","ind.coord.LD13"
"Senegal_Casamance_6285",8.3394981095285,-2.34833076004388,-1.48909659332391,-1.66712857580313,2.64888148681389,1.22868729585877,1.47653192550148,-0.479517514880632,-0.665479403968615,0.714229048737663,0.995156268439343,1.0903150819877,-0.332629915832819
"Senegal_Casamance_6286",5.25545032270182,-0.549266849000473,-1.16944462095627,0.13860368764795,-1.27392520182988,-0.429473120717336,-0.780944667482244,0.61503267713998,-0.496025111389692,-1.963499587689,-1.93885155346391,-0.104354900089596,0.0348032439684896
"Senegal_Casamance_6288",7.29680685049641,-0.754097323256326,-2.3837747547115,0.991078160388273,1.72654703193694,-1.23700455830713,0.740476294385774,0.394919885850312,-0.47549382753242,-0.833476032194915,0.0223147337411574,0.427585297954266,-0.55007844587756
"Senegal_Casamance_6289",7.81499288072727,-1.23593943631254,-2.84328447257287,-0.696342410638387,0.271702981837546,-0.469110243283826,0.560548006398576,1.32810794890994,-0.177101062606824,0.146939907112099,-0.456719508365579,0.685680175941533,0.297472034176055
"Senegal_Casamance_6290",9.63306045686299,-0.0154891306391869,-1.69429083049179,0.294673140703453,2.19981817664074,-1.48574016890203,1.03451177129054,-0.747080318352239,-0.562148624308887,-0.252963978670292,-0.378291147661749,0.448972445734194,-0.216495805062863
"Senegal_Casamance_6292",7.57668749115639,-1.40769824606336,-1.27043009300649,-0.253384577619974,1.27433968025873,-1.40769472492476,-0.225909520157653,0.197855853372561,0.973930612098806,0.362478266060015,0.826603294825123,-1.15112169722847,0.896951445630698
"Senegal_Casamance_6293",7.51048965175208,-0.092870671479419,-1.21407066677333,1.05016968348454,1.54968895884348,-0.111617034343971,1.98520728066342,-1.50803730034042,-0.920419189995431,-0.329037966687956,0.661880923380067,-0.143963333317591,-0.0695888148946184
"Senegal_Casamance_6294",7.57548551790042,-0.734889496393875,-1.45106345784462,0.920874450618407,0.48900935844951,-0.352044435636133,1.94091147209997,-1.53399394666397,0.82206882879865,1.76262560732056,0.452902083671206,-1.65417201528336,0.903472032363954
"Senegal_Casamance_6295",8.81886111835795,-2.78188947275233,-2.46608697025851,-0.375900458500228,2.18338835673634,-0.660300464616128,0.6902664239769,-0.0301255580287262,0.811039366626362,0.421322887788412,0.620552301573302,-0.919098217693939,-0.551728489780818
"Senegal_Casamance_6296",9.0991428083863,-1.36302123153204,-1.6075627836049,-0.479025991200157,1.14922030875217,-0.662190372580789,1.62650852547921,-0.894436464713206,0.55864472691075,0.233277041578969,0.884751360864152,-1.42623813328402,0.517907324367856
"Senegal_Casamance_6297",8.87741028699272,-2.2192617513511,-2.6734119920072,0.46411793355254,1.18659322630622,-0.132296498896917,1.57652240310113,-1.0008399094442,-0.154297475622201,1.69263618501636,0.572862761115789,-0.203927883358933,0.0486461570985879
"Senegal_Casamance_6298",9.38450157829621,-2.08422147099349,-1.86755723269951,-0.201702174420046,2.24547521116491,-0.144278988523311,1.52566014961455,-1.09054020009836,-0.529276329982816,0.407089792636514,-0.473897798230218,0.80399547168761,-0.433472231184592
"Senegal_Casamance_6299",7.58014658212933,-0.481954526274085,-0.451037050328046,0.0221647498807337,1.5531348481214,1.23535433987582,0.672171220793821,-1.09967488473578,-0.0114547625332315,1.23502873235716,-0.215819666035056,0.302839474782064,0.248993796752296
"Senegal_Casamance_6300",7.75768228391993,0.0721930732726223,-0.890186120346399,0.735972886472615,2.9195848719639,0.929209639161127,1.42743700885402,-1.09829787002893,0.485504058223559,0.894428481926,-0.151840373872991,-0.69050622647256,0.566762925846707
"Senegal_Casamance_6301",8.04699444656432,0.221978465282959,-2.08209066921399,-0.233073940392304,3.09616820634312,-0.299688924520998,-0.0799284982508688,0.663466489892512,-0.10632667072599,-0.118471052813657,-1.29519181100865,0.254850382377639,0.302345003692596
"Senegal_Casamance_6302",4.38647569040666,-0.0161342851609657,-2.07396584771434,0.678152518604724,0.451947994927884,0.0697390033931403,-0.0880593561904375,0.961254999121981,-0.119523569402257,-0.360274650529739,1.7796985947955,-1.21722658234434,0.0858477091526791
"Senegal_Casamance_6303",9.40193678174052,-1.14163242403493,-3.21472190856043,-0.34954259034764,0.80704839329783,0.267796243554825,-0.233263127100799,-1.42256590592303,-0.293777637104026,0.472614831191121,1.08331784432717,0.259358167062525,-0.803773979167267
"Senegal_Casamance_6305",8.37358981098404,-0.426980575967727,-2.14670469220431,0.468101109773344,1.8745487049839,0.381385464225598,-0.195796786610638,0.130568543452534,0.290308688872187,-0.0417544066406565,-1.68955818881344,-0.0113323745814013,0.453006164492414
"Tanzania_6573",3.15199503490286,-0.67874741869395,0.264339763795926,1.00650299440505,0.817312271919848,-0.0750073635491968,-1.36642586480508,0.0562554304746997,-0.992944307360518,-1.05850676515498,1.45264153982529,0.127991603878224,-1.27164905825141
"Tanzania_6579",8.79731074220061,-1.48568494147947,-2.44223751742093,0.907026183865156,3.32219641721689,-0.878433814601439,-1.2338679662799,0.620022646950627,0.126038058744058,-0.394982510161681,-0.567157767412702,0.520009015177012,0.483846220798416
"Tanzania_6580",2.78838303807304,-0.64324257477189,-2.10755729039014,-0.434022472340648,0.340926123760969,-0.462918666685046,-0.789812140475089,0.695864081934487,-0.314732954291644,-0.521694867992927,0.435778626740217,-0.472786650983634,-0.198224402776559
"Tanzania_6581",6.82342548872451,-0.13032356381263,-1.56477393888347,-1.07553620989141,3.68179334054842,0.476858640370839,-2.37892101854909,2.51237675354812,0.201692587429279,0.0847481196214938,0.70280114827421,1.73665373535194,-0.363288251760943
"Tanzania_6583",6.7615736624366,-0.8878678544373,-3.16716924037354,1.5280747303619,3.70052429298035,0.596100147828085,0.656554999728638,-0.23778023816349,0.911315366598065,0.408673080852784,-1.39069694702416,0.80716217285689,-0.210617593950319
"Tanzania_6588",6.10080450276757,-0.964328036388836,-3.3444719717408,-0.52640391430395,2.69284894322778,-0.727023252110917,-1.33726815352556,1.10630464473135,0.796054194133201,-0.592662686406143,-0.739099463513976,-0.660799305648727,-0.395821011487245
"Tanzania_6589",5.8444366549233,-0.287577217081891,-2.77460285642414,-0.626551435545341,2.3061475715308,0.749573069946842,-1.34995158242641,2.42514707550277,-0.247251286768146,-0.501601225438196,1.0230501440496,0.34149712649489,0.472384716637765
"Tanzania_6593",7.42147475320023,-1.02636945555501,-3.03168177141953,-0.594938657036306,3.01812858233935,0.672833543027503,-2.38681904667579,0.964723741393689,0.211731049221358,-1.41298693895564,-1.80420550764414,1.22548921049759,-0.220147603984778
"Nepal_7074",3.31312263362731,1.01367594021548,2.2857530855266,0.623182744389245,-2.90923380172476,-0.994745905525283,3.14006644411793,-3.17149397096686,1.24612612076877,1.39989443208704,-1.18284192142251,0.417214221994696,-0.112316415765214
"Nepal_7076",2.94463965975728,-1.43794602219296,2.53330787683032,-1.59752885285627,-2.75468436334855,1.54650634494588,1.20534458320139,-3.87911324724675,0.791933666847586,-0.277717310839324,1.68076532707199,-0.065174286027953,0.391418622981388
"Nepal_7077",5.41050539519075,-2.34472693482957,0.948319955951231,-0.728232730240954,-2.27072709660988,0.915425748237172,-0.722541581380047,-1.04683588815106,2.00897017933659,-2.80201504288242,0.957267856027928,1.62101147459634,-0.855898376344788
"Nepal_7078",3.18349606311791,0.865409805269294,1.82165214036889,1.69624769760537,-1.81078376979767,1.59405703992241,1.00160365358216,-1.81744195927708,-0.152661510025034,-0.456836986329484,-0.256491210039897,0.881133843499378,-0.00256279950535948
"Bangladesh_6661",2.0591552182632,0.58774478733083,2.53840206023796,-2.06411776158627,-2.58449205608215,0.431754341326918,-0.864201481234432,0.228627750367407,0.663482571530836,-1.13686510740649,-0.663583950520523,1.45946368831808,1.60906442283532
"Bangladesh_6669",1.31931087953121,-0.960388944661165,0.770454263993305,-1.49040403449272,-1.88404124274283,0.56521149594763,0.315728525728899,-0.823894259664483,2.29243859415797,0.154845505498711,1.3295787826258,0.0753934332479884,0.346169144464777
"Bangladesh_6699",5.36579345278696,1.25956080333056,0.655625350436066,-1.22844074905621,-1.59309562141457,1.58106504556211,0.446547203849177,0.294493062145269,-1.17907784924016,1.11388326368396,1.1003314971727,-3.24452021885333,0.983527263528051
"Bangladesh_6705",2.33027679313288,1.39476249140696,1.2185553343036,-0.576684733758531,-1.41283785574947,0.733271561021159,1.55038757251741,-1.37264960249816,-0.231193836178856,-1.43565212485737,-0.355305917887887,0.483882033762105,1.06732751075035
"Bangladesh_6711",3.71621450567786,0.565386167568867,0.244190592485184,-2.23904817749514,-2.2658700827375,0.376167784418432,-1.38416459715882,1.29529626699624,0.876986194897188,-0.131125532890734,-0.153523591863618,-0.167503598256917,1.09004706205376
"Bangladesh_6727",3.84446545964664,0.0661535119414408,0.667588227292584,0.110674644892208,-3.32417040638044,1.59353810719444,-2.84174154046041,0.782611475598931,-1.63258493345276,-0.913314772778449,-0.736684768287799,-0.379771645359068,-0.956905700650221
"Bangladesh_6733",2.12102044870358,-0.990197974729975,-0.216951495068276,-1.8355428292871,0.0201056528187336,1.06090619073431,-1.25108845108151,3.56961238095952,0.1791653899836,1.90506725801402,-0.359451286429193,0.1088687883754,0.348196855339161
"Bangladesh_6740",4.48286256367138,0.0616053786294354,0.319840449922739,-1.64783374778053,-1.95735518566259,1.10662628632127,0.0651261560807028,-1.17441204931385,0.748523557780269,-1.16696663285643,-2.74216345639327,-1.03890219118889,-0.345107707905066
"Bangladesh_6749",2.58629610982673,-0.505368869985211,1.6917693398153,0.553511045818962,-1.45295894221712,0.374347547926522,-0.0224194299384464,-0.185863946731691,0.654694511056522,2.25148957402045,1.39519957815576,-1.29341523518433,1.14463577979875
"Bangladesh_6759",2.94833316644798,0.572072948817393,1.39204334594881,-1.24627241559359,-2.73578626366599,0.854712983673113,-1.78610562187913,0.772119729951147,-1.35523495727911,-0.363431199983531,-0.138945658272359,1.16269770716421,-0.187142953070769
"Bangladesh_6769",3.56362837906839,0.458334034178301,0.330343791015718,-0.727202332143043,-2.73262884892344,1.57585273466574,-0.246625681512212,0.156183339724923,-1.09628511341477,0.14614416598233,-0.616456012577619,-0.688930298746634,-2.13361554843382
"Bangladesh_6775",2.67427675677787,0.320486278360543,2.24338965814768,0.330266790085885,-3.009043375758,-0.0658330314403467,1.39778291328244,-1.20589587118276,0.00194275899912404,-0.694480563411125,-1.23450616821101,1.12880084049911,1.51496844154356
"Bangladesh_6778",2.26436348600641,-0.513254637561753,1.14812467064974,-0.501305785003223,-2.40968823070003,1.9237128400464,-1.14740752149238,0.676807805525937,0.241976498920826,-0.597342728684605,0.344495444015651,0.535388385188169,-0.616195687873304
"Bangladesh_6792",2.76630900693528,1.43155836413575,2.34514230720577,-2.04075649529192,-1.17167124418441,2.0133579406639,-0.525607594088459,0.484147839161188,0.0850152327941104,1.46749400223437,0.102375391530746,0.976526719110429,1.63934048990562
"Bangladesh_6799",1.69625506477377,0.000970710367920159,0.497124156560288,-1.16144709287462,-0.950399868477682,2.55064682591703,-0.723749078199431,1.14865226641217,0.165234547409377,-0.378738420082411,-0.696345193580487,1.5001909402616,-0.91566189347383
"Bangladesh_6814",5.61075407134567,0.691223342911936,0.999722227930903,0.116466843340146,-0.158087480124294,-0.206926485977797,-0.601463654616091,0.281544253571615,-1.34817765510147,0.361623834006092,1.10294958789223,-0.202424484396659,-0.403573702802804
"Bangladesh_6816",3.07430979042136,-0.299023358097969,0.620834780611959,-0.092505864063287,-2.93087890275933,0.92306346502762,1.28574466746782,0.514487539275319,-0.671940975458438,0.516160682359599,-0.0657799448832019,0.631818109523495,1.37447743788114
"Bangladesh_6824",2.49211357966609,-0.607585413897086,-0.43096442052946,0.177612544773752,-2.55933088636764,1.63738733510802,1.68989229167488,-0.510719680357368,-1.06922749734724,-0.209866172614002,0.762498862336575,1.29673398159156,1.67383742500782
"Bangladesh_6834",3.44337194402339,-1.25060757151915,0.0468270320514022,-2.37994668821052,-2.10513318715911,1.961760149471,0.27732381969122,0.846912972937266,0.949560657110562,-0.529945792909962,1.2331669766382,0.529038853298736,-0.839148011575861
"Bangladesh_6845",2.73779946648868,0.763504091925116,0.120152805942789,0.316374728065422,0.517174904779342,0.608313859744215,-0.893012532848846,1.20754549760246,-0.139203391296015,-2.00138173338067,-1.51386512817387,1.30009651379854,1.83140988994598
"Bangladesh_6868",3.28537974559331,0.715306941955092,2.24994960046735,0.721634601768131,-1.18314944760732,-1.17065946043584,-1.81470707243598,1.23301625184977,-0.492508751812162,0.755107193641051,1.63703178627213,0.484501288327601,-2.3045983751803
"Bangladesh_6881",1.65495256048846,0.573440006356536,0.557193750288569,0.312948730487281,-0.309693954209893,0.969958500230017,0.248761333413981,0.282529092520979,-0.0860636733713032,-0.503966494114149,1.08328630826987,-1.25173746933387,-0.192838529923966
"Bangladesh_6902",1.87682795322934,1.85339293109721,1.8014780633086,-1.26236681560961,-1.68971959660242,1.26134864394945,-1.39342022559878,0.493897317554556,-1.56643040190232,0.44611458537559,0.599519289268425,-2.00066796559537,-0.0737538862740057
"Bangladesh_6908",2.96341006205005,-0.694701453165398,0.646525071979049,-1.04349837797083,-1.91721401912555,2.50182665877138,-0.301749839388786,-2.25961431194278,-0.317473336388453,0.0111667333682715,-2.31897370381354,-0.449682841923298,0.408929063973002
"Bangladesh_6914",2.44117504291813,-0.766970692287728,1.69639616741304,-2.11336304004007,-1.1486341649711,-0.801439131876788,-0.596831334283988,-0.377741187271753,2.52945820553404,-1.99414294255879,-0.898102041103203,1.1449085241417,-0.523433203971341
"Bangladesh_6926",2.5497002029871,1.09695198281809,1.63980787589353,-0.0646266482029354,-0.751730655381263,1.00120040227192,-1.37387664785986,0.326261144775238,1.74324464866972,-0.777486695160609,0.411714748111587,1.04341380997023,-2.01912346570218
"Bangladesh_6935",0.550960667823304,-1.49782613133035,-0.459200020859925,-1.73885732276405,-1.53420262239854,1.37630236501701,1.09919273809573,0.101168860678567,0.41123557333706,-0.680402129294979,1.20512486226573,-1.20579272587349,-0.920291807432803
"Bangladesh_6941",2.54804997809572,0.607177745773081,0.458556037110613,-1.94477702488002,-3.22411818695198,1.24400067804935,-1.81416154516383,0.789846043095273,0.274554900246222,1.11237235784629,0.415164599525733,0.135508996170658,1.07864881020671
"Bangladesh_6946",2.62347167171429,-0.119334430529669,0.752110052281178,-0.708237954797435,-2.67892252701128,1.48047820807177,-2.08343172832894,1.37537203351779,-1.06321555509871,-0.543766476028558,-0.139669158592044,-1.11697950600776,-1.84821024309047
"Bangladesh_6960",2.00226941535416,0.358899829538761,3.48402038473753,-1.98035928091893,-2.53030252502714,2.4246746018921,-1.07224505316095,-1.48705674422882,1.5320563753614,1.28870568713154,-1.17263247166369,0.879611208707087,-0.561219641292722
"Bangladesh_6961",2.46956180001822,0.895038137591855,3.17743730907544,-1.00855010925268,-2.26017740546449,1.8051491925676,-0.0790021651341458,-0.466627752793889,0.473366925117731,0.456923776047633,1.14808658650137,0.427560400447274,0.705511879731312
"Bangladesh_6970",1.81895864095584,1.49890392753666,-0.0552414977367712,-0.692806207116228,-0.825372165482562,1.68318241611196,-0.116451258476519,1.76696431330704,0.336125953140794,0.110179565117515,-2.53677172292098,0.280077106474362,-0.916963151343505
"Bangladesh_6984",1.62527720924449,0.957553096873332,1.06838803950079,0.393333170473857,-2.5203490026431,1.06016990177302,-0.60129418045022,0.0932978059443448,-1.89109304539581,-1.09158163552143,1.10243487661353,-0.953266806096839,0.648878699259071
"Bangladesh_6988",2.9373916370835,0.562424701526572,0.685470074404236,-0.457391686672372,-2.99974748676656,1.08142117932705,0.403240575691059,0.578045031441854,-1.37401133843709,1.54615338838122,-1.23229490544437,-0.734918765690934,-1.66178588664524
"Bangladesh_6999",2.02137902251902,1.08977667153903,1.13359533598011,-2.21125531448664,-1.02891345836891,1.84306390599616,0.76539634160715,0.847649455594625,-0.958179412462083,0.967306998915562,-1.50767250396001,-2.018062757114,0.832118257876897
"Bangladesh_7006",3.1333183956323,-0.935981856817418,2.41370181888281,-0.00740093922892116,-3.57642059563348,0.419844297302887,-0.594798627139677,0.038434011302621,0.416051843255525,0.328860169043312,-0.548110508512684,0.592341761368175,-0.625488681725649
"Bangladesh_7112",2.92661705539214,0.120599495208961,0.0954853567724169,-1.13884458786662,-1.8289832509503,1.11138397514892,0.848093393414377,0.561828702286396,-1.76465985929083,-0.390297766895859,1.21751136302138,-0.366251467248732,-0.36274960935923
"Bangladesh_7114",2.66677461768362,0.642277273712788,-0.305563291079626,-0.536664752342242,-3.06386864603482,0.476693474412223,-0.835829476617805,-0.575773799064787,-1.32510357000239,1.69162911318831,0.361411710008772,-0.397358069984263,0.576886663358501
"Bangladesh_7127",3.03227851651316,2.64232265014012,0.381294253658961,0.034539047406462,0.18307626734257,0.575402496105734,0.820509922200262,-1.54739232444272,0.505773234584024,0.950508266693129,-1.15710984483927,-1.17154648547957,-0.461263817165117
"Laos_Luang_Nam_Tha_6371",-2.5442105289176,-1.482646432886,-1.05775871002552,0.249560571302316,-0.0182645065084889,-2.53528560454826,-0.136917211521147,-0.0964758972974738,1.95168200746562,2.88043416962126,-2.10935126850369,-0.396815095768666,-1.9093380123472
"Laos_Luang_Nam_Tha_6374",-0.662293076800046,-1.19778395385911,1.58932052328093,-2.53813478073785,1.1210494366438,-1.08348341877019,-3.04758568465262,-0.0205465451106714,1.34941399675967,1.67055057083156,-0.735581485517551,-2.05762479468245,2.22017470234443
"Laos_Luang_Nam_Tha_6375",-1.53277960097229,0.277910997532367,1.12302252853962,-2.24538021931204,0.367832224109568,-1.77789542945933,-2.32726848580965,-1.16043616576169,2.63645321570749,1.3899106895457,-1.7742568337206,-0.647425773643056,-0.855195620981795
"Laos_Luang_Nam_Tha_6376",-1.61013036936697,-0.128474411523258,4.0680545402873,-3.04618167095882,1.0722326220251,-0.874861669530066,-0.319402261606792,0.130559745363627,1.44379330594714,-0.498750220442087,-0.427060162991655,2.20920276086759,-1.11635326607994
"Laos_Luang_Nam_Tha_6377",-1.60696166161966,-1.48234997950113,1.96913421110374,-1.51858445521385,1.59691330640673,-0.755048984555742,-0.688357245241707,0.236654676718304,-1.28490957014651,-1.60412322074805,-0.234662736421165,0.490447741568233,3.45378105099289
"Laos_Luang_Nam_Tha_6378",-2.50637138806492,-0.172785656334039,3.84311249801917,-1.59914081274186,0.931193449334893,-1.65519879480469,1.47468377924656,-1.33905561221574,2.08269263041112,0.095230653206783,-0.0418876691797807,-1.3828473522822,-0.145068022579913
"Laos_Luang_Nam_Tha_6379",-1.50117640092173,-0.549408409379574,-0.418364508653285,-0.00158693976965812,1.03482778563661,-1.88067516617109,-0.0517791330310234,0.429910094136379,2.14025490155209,1.26712861041078,2.15732303483549,1.75273293938586,-0.382355136084435
"Laos_Luang_Nam_Tha_6380",-1.69941671544462,-1.25161996206008,2.95027509072538,-2.15763547226374,2.92725086037483,0.155739826661422,0.198728098493981,1.13748357519086,3.140724466504,-0.322118942173983,1.19116547110324,-0.680007386219712,-1.35819071821818
"Laos_Luang_Nam_Tha_6381",0.309216521413599,-1.77399205168986,3.06427596218782,-2.23958710600852,0.0379931065468234,-5.12151117526686,-0.561558601850845,-0.21846234726799,1.73580752450086,0.488504128261471,-1.43238526600705,0.0739468677934094,-0.454172992097335
"Thailand_Chiang_Mai_6390",0.710273864554017,-1.87776903259315,2.01153789109616,-0.96007430081459,1.69212693990637,-1.87534651084345,-1.16890520701513,-0.404993575424787,0.252312128154109,2.2148769336379,2.83911565729593,0.200007874818304,1.3894322729728
"Thailand_Chiang_Mai_6392",0.343262924898423,0.830769519146189,1.49825892994666,-0.707094930800156,0.14960380739299,-1.01995561980382,-0.620870838595893,1.57857377526194,-0.798006206989427,1.72816000524572,0.177647262788614,-1.10377998467459,2.43945569725361
"Thailand_Chiang_Mai_6393",-1.51123332303144,-2.57809976499571,-0.181678840609252,-0.30157898703205,-0.869395675529902,-0.631399867596737,1.58860513037577,0.219574430632824,2.20969541600679,-1.93764097700484,1.57980496990549,-0.80897261255035,0.196130354741259
"Thailand_Chiang_Mai_6394",0.795075296267909,1.24767226007758,0.918850186722563,-0.868685275591473,1.58082266925318,1.70644274202906,1.03914085085622,-0.457097358854543,1.80459830403946,-1.53455360257257,-2.21256987929483,-0.395743678152775,0.563761404537206
"Thailand_Chiang_Mai_6395",-1.3932579295632,0.152949282080626,1.40122626009218,-0.968742713648636,0.0571988517501357,0.0407962713167342,0.0741356770220047,0.346365694437773,1.61394061207924,0.452470165288908,0.386007633331659,3.39294381817608,-0.463661153746208
"Thailand_Chiang_Mai_6396",-1.31281142730733,-1.42809536109038,2.23417631012564,-0.102737886349899,-0.968996195955633,0.247784130280996,-0.00544582873166169,0.989180369708321,0.651797082283236,-0.984308958789524,-1.47257947416574,2.93527992653743,1.32779651424874
"Thailand_Chiang_Mai_6397",0.551071342961186,-0.843238121175326,3.50367937535094,1.96326268877899,-3.04957144474051,-0.449688969708059,-0.0937896233909748,1.18177142860297,1.82613059639416,-0.768211515242278,0.451955347873686,-0.394086097726553,0.699211740629452
"Thailand_Chiang_Mai_6398",0.393724799272792,-0.896807568617538,1.12948785574276,-1.50562002531838,-0.893642750803444,-0.943835558386096,1.50220319660633,0.793811217292949,3.51971110722648,0.218165110576547,0.906431035148827,-0.494799304063361,0.931550157480121
"Thailand_Chiang_Mai_6399",0.0389580843075502,-0.220593165907887,1.55932138852913,-1.53753564203676,-1.27446894599684,-1.53457004471003,0.0583542094650394,0.522309993806438,-0.778152201576139,-1.71607616042846,1.94262318882543,0.0855112375366548,-0.260714772523877
"Thailand_Chiang_Mai_6400",-0.590681060878193,-0.946769534771119,3.2195719350945,0.204502938441315,-0.186304058805942,0.105616263221076,-1.16659715247053,0.862968696822785,2.65830697192611,-1.23490671256331,1.71856812346553,-0.766488517568662,-0.218776650139287
"Malaysia_Kedah_6426",-0.180523844103233,-0.330436457753637,0.848362052145646,1.61500571519542,0.892906441658686,-0.665019837879969,0.391971817006779,-0.5779998706801,-0.894748605895843,-1.71308972168494,0.0513741827862913,0.931164570447999,-0.384205217844356
"Thailand_6681",-0.88531357705209,0.53120901895301,2.15349203387212,2.28409469396497,1.01793575785795,-1.89747036068566,1.55772778965348,0.510233291150358,1.40144947080687,-0.14394770707677,0.674195870932762,-0.795960520342133,-0.87165727378686
"Thailand_7080",-0.688555112016327,-0.662993568722849,2.03326855737109,-0.97483942441971,0.46229891405232,-1.77828155133534,-0.659736849725567,1.30129418262802,-1.06756424898351,-1.44520370769486,-0.20957574026811,-1.74301518997217,0.996794830471518
"Thailand_7081",-1.11988908184678,-0.737885725821645,4.34148190927126,-0.131762322009706,0.109842566615277,0.532732023602605,0.0137303421276444,0.7139477065458,-0.511913817642923,-0.0684022856165463,2.52387373571115,1.93136238804529,-0.814485560055205
"Thailand_7082",0.522110598463348,-1.9968939710114,2.96969825520289,0.805998482193427,1.29022490501974,-0.187607847094009,-0.231449445280334,-0.536932608001285,0.588212862514187,-1.74729128758371,0.360716462247779,-0.566551256280923,1.09979984526948
"Thailand_7083",-1.261226877623,-0.336696854603832,0.846823816497472,-0.119884515584669,2.71428601784267,-1.17584420026152,-0.460310295877186,1.25964286145884,-0.536100670258374,0.78453048854467,1.26879617727069,-0.143781685611027,-0.394140517699088
"Thailand_7084",-1.68922326356085,-0.861963506098347,2.50993496169071,-1.34076644933389,-0.361401599991195,-0.662139828869699,0.788204133291757,1.96337459162938,-2.45560883027815,1.98842709321471,-1.54343401254177,1.16503147253309,-1.05599872630118
"Thailand_7085",-1.59057575009096,-4.56775587000916,2.6371469826461,1.03624480786905,-0.206155876387605,1.8617979911901,0.619405908529329,0.819164001206376,0.225506392984856,0.0870439537662231,1.15531750889989,-0.526754481328832,-1.28057689487431
"Thailand_7086",-2.80082667747646,-1.21845187800679,1.83179964074047,1.83857809823511,1.42649947517925,-0.380908032386524,-1.81149361143627,-1.4427912073126,-0.0108188513968448,0.152624157644781,0.478180842712263,0.0681886826976889,1.93152743154894
"Thailand_7087",-1.03702488222395,-0.629079208663483,3.49972188405974,0.310090400754408,2.03225578716409,-0.737242495574878,0.598958541144163,1.48429099649753,-1.92348662039084,1.6000456050926,-1.50860510012586,-0.728169035263871,-1.15331654432981
"Thailand_7088",-0.65343453073708,-1.72796199329992,1.79232999827011,-0.164930683951808,1.33798461735777,-0.0146874955758088,0.73316370786335,1.55955409695234,-1.3907617764557,-1.14727624096727,1.72508303761993,-1.99384290598214,-1.34745040031914
"Cambodia_Krong_Koh_Kong_6382",-1.32895078830015,-2.0380637871434,1.89930705610103,-2.24264902641364,2.01964090285062,-1.15317469141488,2.23222125016009,0.561287937248182,0.644263491556348,-1.63350393960499,-0.730294032136327,-0.979953895888022,1.11078961082823
"Cambodia_Krong_Koh_Kong_6383",-0.213813963699199,-0.10523123251516,1.86899162957494,-0.0102368568090976,-0.621624312903602,0.735687101015968,-0.588691944015552,0.266605584540128,-2.64973694992477,-1.95745840732347,-0.860196938556863,0.117048441960309,-0.199667341478374
"Cambodia_Krong_Koh_Kong_6384",-0.542682480513943,-2.54041574129947,2.06760337939072,-0.759524147018127,0.899330100060573,-4.20923953291362,2.2131396459305,-1.89009272039102,0.0251365518909953,-0.0266717920836309,-0.348842887698369,-0.0790402520400549,-0.171078488791009
"Cambodia_Krong_Koh_Kong_6385",-1.59970192186544,-1.01974659171203,3.56864912487845,-1.15157664774731,0.877276981176488,-0.943254912345548,-0.00569247413189164,0.0828606852148195,1.74166101660605,-2.43628038789038,0.698221813286694,-1.90115967530669,-2.32107014867075
"Vietnam_7063",-1.54891315963069,0.506964267141488,4.18052569911852,-0.00662689919796877,1.10472350146565,-0.496386115517349,1.57173408594358,-1.41652993692403,0.284041264703543,-1.40935087381481,0.394510574301028,-0.0505108487113679,2.55617295215435
"Vietnam_7064",-2.33933554738116,-3.09732454556024,3.97403512537562,-1.23531423178775,3.9031293330381,-3.18012035781901,0.330579135819617,-0.288808269180808,-1.85480919914349,-0.488646416961106,0.0287872759920192,0.594252351183077,-0.107329871228104
"Vietnam_7065",-1.28873458119035,-4.06577696449317,2.29265202312566,-0.766741025664347,-0.0862651829661719,-1.97538176770394,1.73215195409968,1.69233736712281,-3.15455250214892,1.9810497827091,-1.60789667101755,3.00923902007061,0.0592652805351818
"Vietnam_7066",-1.21492434072098,-0.812744088180955,2.02369315260142,-2.95887548015842,0.971087217211249,-3.32978264163651,1.2168854350112,0.896893644789093,-0.26637244778535,-2.80258319762702,-0.652464602802566,-0.664798472493368,1.92197863301207
"Vietnam_7067",-1.26127009157365,-2.36088955187736,2.24615991490707,-2.01382238482693,0.330134585364525,-2.79024294563052,0.870757664370375,-0.106308911119299,-1.650530177634,1.01691422245972,-1.16697433073191,1.33223943183307,1.18716693140068
"Vietnam_7068",-3.68297991101234,-2.85524994537907,2.98667656583562,0.251720422249849,0.501438517084829,-2.96587479005827,0.0748481911202038,0.449677240079635,0.228104154868192,0.174388381959204,-0.772351357573455,-1.7324659967623,-1.53332992078626
"Vietnam_7069",-1.96012067287017,-1.72541139130094,2.93458133776395,-0.932834064845198,2.47445567777735,-1.27703648233942,1.39068751748427,1.76168684669637,-2.17221889514923,0.612588942464093,2.00513167144749,1.7042668106956,-1.19825621275563
"Vietnam_7070",0.234957740413403,-0.924623620399673,2.88691385399164,-1.29636752231434,-0.894876988065507,-0.684377781063323,1.65216841756193,-2.33567250613356,-2.03848261116253,2.87008787789109,1.01942781826253,-1.01932002485276,0.697284455983277
"Vietnam_7071",-0.873171691037375,-0.839739887315426,1.45750829142473,-3.30445487046722,-0.909700410472609,-0.868017465535201,3.11400771206026,-1.6758379685771,-2.81297053249029,-0.460034753201919,0.0163726242826731,-0.950830753136287,-0.411177265119836
"Vietnam_Cat_Tien_7176",-1.19040942380109,-0.163553905788525,1.98917072601173,-0.342639739557659,2.71744296720819,-1.40369066236334,1.37307286079049,0.792304706099232,-0.00248455110909573,2.21916630687784,0.00966143518541539,1.45820112130245,0.113871483545802
"Vietnam_Cat_Tien_7178",-1.70883137784887,-0.964951376429677,1.82020347635546,-2.62052914796072,-1.69339791491986,1.88504257669413,0.0547178303340819,0.883182434697253,0.254806167773849,0.236800857465644,-0.877538375680948,0.29017616305417,0.000344153615568388
"Vietnam_Cat_Tien_7179",-1.61264053635359,-1.58305596020997,2.13358259665417,-2.12084333889169,1.95509352437538,0.379401008342174,-0.253782233730767,0.776531211127438,0.154093070055733,1.11775638940515,-0.279451902693515,0.258372290221051,-0.891611914660868
"Vietnam_Cat_Tien_7182",-0.775033534638108,-0.335789157987918,0.47745707300752,0.436895073807831,-1.07699564904626,1.09690164945519,0.966040702392179,0.919077481520894,-0.423977712530301,0.65343828448934,-1.46797680910357,-0.575306452883456,-0.336922354256327
"Vietnam_Cat_Tien_7183",-0.111873975005201,-0.354837360082295,4.03852628051384,-0.0455267548440216,-0.475497872492639,-3.8442967663494,-1.07709365417973,0.819820339487533,-0.852613116100484,-0.854206499831683,0.48319777126552,-0.24992314079773,-2.93798497315352
"Philippines_6448",-1.12852195912808,-3.65743723943623,2.22397419788035,5.65479723257795,-0.237306809772684,2.47879794099813,0.0130393999185584,-0.831427792170062,-0.00387358094316667,-0.751674021539024,-0.388894568158788,0.561397144197172,-1.00607462192578
"Philippines_6449",-0.921644617249363,-4.48483125448102,1.35155796444093,6.82344241580786,1.21385004449036,1.55232225756187,-0.961270620563032,-0.453273665687726,0.275433149944646,-0.255142282432167,-0.58337950717914,-1.03732588135885,-1.0225887068273
"Philippines_6450",-2.21727589567645,-5.76207757615394,0.607534812680613,5.55477851533079,0.503554953348197,2.16426381817087,0.299098140162121,-0.642551669012384,-0.333309045224355,-0.285497396880184,-0.0604173731572157,0.900498256016633,-0.723936751980463
"Philippines_Batanes_Province_7093",-4.12146653084037,-4.06087587505865,0.69323678076953,4.26207525813572,2.58997565020865,1.29978091122889,0.611814143563687,1.06216599048388,-0.0945330608772309,0.804243976089087,-0.614695311703986,0.244180105263559,0.300019350150959
"Philippines_Batanes_Province_7094",-1.80009529254159,-4.2367024838413,0.868384159117964,1.18490863320068,0.319046687422454,0.393247423255066,0.175902176928392,0.656505234602934,0.324245124597539,0.75656007627677,1.71875854555013,-0.222993153323248,-0.434284580547188
"Philippines_Batanes_Province_7095",-2.57837282949947,-2.49056094825208,-1.10392564690654,3.10402372041782,1.40603453284586,1.62227926152292,2.03616267675584,0.539903891321423,0.948417968901318,-0.262803390156424,0.994001248517098,-0.0165741944752919,-0.217474409415438
"Philippines_Batanes_Province_7096",-3.03542888818149,-3.85531501563676,0.265607553318562,2.43117381692571,1.45496723829826,2.06141223016587,-0.185050186559846,-0.27040377216413,-1.08510630431467,-0.657235576340555,-1.83260635159668,-2.77597718584022,-1.53989218042768
"Philippines_Batanes_Province_7097",-5.27281018921722,-4.23055165777259,0.0978971372712676,3.60338957225016,-0.467720636393842,0.882849470117009,-0.321447340529738,0.0172645032441536,-0.967459685436491,-0.139141294784057,-1.19235226559595,0.200001629240523,1.03445941514313
"Philippines_Luzon_7098",-2.35620880442534,-4.68353857216338,1.8344418460814,6.85718533746013,0.619510597619435,2.68781198199664,-0.169192613459417,-0.968095836282093,0.0823452118958717,-1.74734727649099,-0.187468490336873,0.384182456904218,0.00855932779234876
"Philippines_Luzon_7100",-1.77477116153569,-4.70113974833703,1.37582740838735,4.52842792136069,-0.246142831233619,1.75737751630963,0.831367863754167,-0.12448319251986,1.42594219765981,1.21975581594389,0.94983796249995,0.380964166745606,-0.00785602845350336
"Philippines_Luzon_7101",-2.11258883562652,-4.12747262901266,2.16093318262127,3.87764631946397,0.346577409410547,1.04766217250557,-1.30919208102772,1.00637687729011,-1.05529088964101,0.953978158576006,-0.790143041484053,-0.559364451089428,0.033138802552448
"Philippines_Luzon_7102",-2.51708177107868,-3.74902632899107,2.79751678473885,4.27221906042202,1.59818479422842,1.25021135844633,-1.26870679862287,-1.28770562001049,-0.159188552561708,1.12091305493673,1.19559241094903,0.70811243426735,0.883354627064436
"Philippines_Luzon_7103",-1.56638663190045,-4.94465740350576,1.76244257741084,5.96162788139462,0.654380064294119,1.43655275356715,-1.21028804588873,0.344018879780653,1.19339734413374,1.0565673331903,-0.540646507900702,0.427525615950194,1.32631150106038
"Philippines_Luzon_7104",-3.17301799680551,-4.24119939445528,1.16934998166494,5.98899314131453,-0.418586895152679,0.712983892506713,-1.11570117919011,-1.0629786474554,-0.802148502041704,-0.00148861293528474,-0.913445725234306,0.24602702203848,1.00078034464925
"China_Jinghong_6683",-0.547283979011356,-1.33966146007314,1.59815561710412,-2.49220473616868,1.64284769774116,-1.26362332627147,-2.00447462428953,-1.59930635169406,0.580848490647747,1.22786513706207,-1.00919270472638,-0.267029035838375,-1.74159687641642
"China_Nanning_6689",-1.39126580033769,-1.0778970306512,-0.473087057559459,-2.29010925456578,-1.11299267914582,-1.62362723325671,-2.50339118977413,-1.34296751374926,-0.683071011756922,1.10464445222259,0.0833192517478624,0.840527588110752,0.587637852233952
"China_Nanning_6690",-2.76819748155147,-1.38181619968718,-0.173665364215913,0.821183333182723,1.15123260641197,-0.946123071222893,-2.41736354544637,0.479562277532583,-1.53961346673166,1.09836831440617,-1.26808802239072,-2.35334486120618,1.09998175738334
"China_Nanning_6691",-2.2675016616014,-2.56234646121394,-2.0908233003231,-1.86357006882566,1.19012178972615,-1.69727061562717,-2.31171838768246,-1.65597162711711,-0.573233665520809,-0.716772709977857,1.54430729659933,1.5980668518824,0.0738446337205987
"China_Nanning_6692",-1.67775114889343,-0.379589764735012,2.18815283136806,-1.22485763078376,-0.528568778678,-2.25942476711323,-2.51712983720336,-1.45227333312187,0.3008744385848,0.989150113698827,0.278619484157444,1.06128915368904,-1.23351399288994
"China_Nanning_6693",-2.67059514977994,-0.288213268447968,-1.10756669508576,-2.13038528417227,1.38795108258315,0.292738208282007,-2.54209042322959,-3.04090856255214,-2.18181543879919,-1.8888214441639,0.780450404049891,-0.49970242192859,-1.54851633751194
"China_Nanning_6694",-2.0170468010892,-1.36270490796613,0.964639347936797,-0.77233363143303,1.59139205442136,0.476144203573117,-1.38508802538272,1.29930195689533,0.448084981060735,-0.348336908916819,-0.975779882283722,-1.983745448052,1.50170130473713
"China_Nanning_6695",-1.07726818967649,-2.06343161835986,-1.1149390005384,1.03207932194698,1.63190271092435,-1.77334715129738,-2.36787572410958,-1.58078420244968,-1.08183079844909,-0.183532875757818,1.0535562409942,1.47538679563871,0.806162644971536
"China_Nanning_7174",-1.52126946991302,-1.46173052627964,-0.349683179009096,-2.20990868989736,-0.857681951541327,-4.84694896250989,-1.29756940592942,-1.53494536080231,-0.798673490694258,-2.34202587513905,1.0012867745938,-0.918506064332315,1.37156604663423
"China_Nanning_7175",-1.18761465860415,-3.02945615607494,-1.3988043759537,0.0385495799085475,-0.469550064588594,-0.168420326678373,-0.528035954482139,-2.13284957874804,-2.57254289552947,0.447647857690272,0.64069277945853,0.214997923576736,-0.120137761902666
"Taiwan_6790",-2.70604304372992,-1.72664501877608,-3.33262771007474,-1.04110930213375,-1.95765627943027,-0.355707996659532,-1.34680319700201,-0.0128643565645076,-0.375890223813291,-0.65834541948315,0.401597126388181,-0.503113591373502,0.913574342427358
"Taiwan_7010",-2.53203841445319,-2.66870396570734,-3.13298909751014,0.470305082943126,-1.96983046262915,0.483130787066493,0.895525730399103,1.01132019249777,1.07962970196423,0.0999290121424193,0.926650945225904,0.0996484153801485,0.0614805087447
"Taiwan_7012",-4.14939799676471,-0.314968343299115,-3.44362286782946,-0.083078549632026,-0.474896375241838,-1.431930304615,1.08734559357258,1.79099883807255,0.726251244614889,-0.179364230325851,0.419143025974955,1.35155142358493,1.86965421320482
"Taiwan_7013",-0.937475874944629,-0.473618879629667,-3.52817838004312,1.7997327746533,-0.943803111652779,0.284640636318431,-0.61795737786455,-0.352122227930227,1.27059687099289,-1.26961271821808,-0.397688857139968,-0.168996083620685,-2.12107221021613
"Taiwan_7014",-4.79443350788426,-2.05077830684328,-3.69101529161642,0.685164499872615,-0.654500440296143,0.539413495544124,0.331062132120121,-0.278828716822519,0.88756674471456,0.15404175927847,-0.803721791124622,0.342528488269294,-0.364683649904411
"Taiwan_7015",-4.46601902296011,-0.892531834029944,-4.51958057086039,-1.65872954138108,-1.29879554414019,-0.139975331678797,0.0894476261562495,-1.169646463693,-0.0962576068991302,0.344040629637381,0.826171832129817,1.33127668486692,-0.0932987768368344
"Taiwan_7016",-3.74697598634252,0.0479891956641352,-3.83627585210344,0.129322256571527,-1.25657879803213,-0.644430909263757,-1.04183661934916,1.00320635134271,0.0296194429453953,0.161667578450078,1.27912151217789,1.72834688735298,2.0572779333174
"Taiwan_7017",-4.03341386025769,-4.0601778757296,-3.04638231875532,0.221267663375704,-0.916118128807245,-1.6506568660615,-0.452251275118608,-0.0935585539995031,1.54084343392734,0.408493219578152,-1.04013252764625,-1.2894489577878,-0.508427887420282
"Taiwan_7020",-2.75615335838139,-2.69086802482395,-2.37521118874134,-1.39623430936435,-1.14530814178336,-1.82692896429564,-2.30115783551006,-0.599789924787014,-1.60613019729699,-0.415388520998631,-0.296296615394233,-2.34064243835499,0.486838011989327
"Taiwan_7022",-3.6360028975705,-2.26120025366435,-4.17162579865109,-1.13475982496349,-1.24011980534864,1.47108907483161,-0.810421272889627,-0.427275803320738,1.61827530978618,-0.0574083174950597,0.527491950295713,-0.0679099190590196,0.613060428425553
"Taiwan_7025",-3.88346373438879,-2.73133304382103,-3.00462490904367,-0.00575743449680774,-1.34470911731712,1.22879676129051,1.14004583530783,0.544139655929468,0.844858827302184,-0.492817108829458,-0.434020633483554,-0.34175371405468,0.573938688241685
"Taiwan_7027",-5.26025236298141,-2.18405397799564,-3.33481799065103,-1.57251195782933,-0.327247663771652,-0.258200939490483,-0.628394000522619,-1.26419941082771,0.433041129155283,0.467817396967398,-0.31387835254351,-0.521716234840155,0.804363984299258
"Taiwan_7028",-4.39503753261244,-0.662742675546102,-4.08873489241494,-1.5085525986726,-1.67127928295655,-0.488930219776754,0.801514525329646,-1.01749473442097,0.377317156493729,0.201843491650161,-0.50726476444558,0.697475870116305,-1.63065143224847
"Taiwan_7031",-2.40099439400262,-3.80709880954466,-2.24283926177067,-1.78691594263032,0.50314906601396,1.38701947605035,-0.246092556228662,-1.063317844083,-1.09870721339326,-1.05113215920814,1.20215351635388,-0.0583038801699,0.323830973827818
"Taiwan_7033",-3.23559312433289,-0.888079056936939,-2.09583285409568,-1.92255412210981,-0.641768273145721,1.07373737543668,0.363713045200934,-1.70734431095725,0.275852560216627,0.337480078479836,-0.485836888392112,0.745323544421963,-1.07143015590204
"Taiwan_7035",-3.99637199028946,-1.47141812476896,-2.98612714979258,-0.0880826614833919,-0.970776878896112,-0.0531473547663963,-0.0131748885101316,0.131956470700109,0.805267097711822,-0.0422095098387323,0.240905175782297,0.0161149285755978,0.932676595005315
"Taiwan_7036",-4.68414114649103,-2.18910722366414,-1.51090648436195,-1.13176911673579,-0.321539628016934,-0.803017953685311,1.25937148626621,-0.0390807010511481,-1.020145966079,0.404090434809518,-0.464827765370216,-0.021265061867629,0.371589497792719
"Taiwan_7037",-3.24707673665678,-0.957059713736505,-3.66386197656626,-1.93213911986613,-0.385197381621715,-1.06323079939629,1.11213805006482,-0.0257269998796333,-0.369936695741225,-1.70090541706984,-0.471089229842604,-0.475081312180328,-0.127584766202785
"Taiwan_7038",-4.23440944640449,-1.85803943457876,-2.55842427836731,-1.60850742279118,-1.39686517839765,-2.25484166189173,2.77161325240164,-0.162146207853854,-1.91227886704703,-1.16309678210155,-0.280255951211275,0.617763752421993,-2.11371403492067
"Taiwan_7041",-2.60227155546683,-0.737881791483847,-3.34010754988444,-0.465553435429116,-1.72523863020873,0.752190577312925,-0.680367726301054,-0.339164153526325,-0.352189801623736,0.412624310550352,1.09718431083455,0.531004105988793,1.90901684651983
"Taiwan_7042",-3.94145717966174,-0.251010682789781,-2.33015273931588,-0.739409407449257,-1.81271696103804,-0.406796868155218,2.31635198077842,2.52191760328904,0.841311737955672,-1.14818501795739,-0.432974669238253,-0.524622514762023,0.562071246557253
"Taiwan_7044",-3.54276189903726,-2.91736464236785,-2.2908328328292,-0.249630899937625,-1.63449905749715,0.772935872411744,-0.554831671053817,1.81157352365746,0.52959211247927,0.384332231706602,0.724357650727425,-0.154474117173179,0.924444291897794
"Taiwan_7046",-3.63274675177101,-0.178601720624615,-1.64899889429395,-1.79627920144373,-0.653969963992006,-0.0531883453215305,2.24142607698871,1.16519410017903,-0.253632430786163,0.389157913368225,0.82227135466115,0.609619071384892,0.323055285399533
"Taiwan_7047",-4.4487216150082,-1.93001743410803,-2.96361590638142,0.491724294695849,-0.985818004082307,-1.00363221954872,0.428560805828919,1.85222132193862,0.968058810997543,1.23592343847975,-0.506649101452498,-0.368993652368474,0.349451737496864
"Taiwan_7048",-4.36261242124859,-3.06376723401745,-4.19024730997788,-0.655105552609201,-1.32520389626536,0.749646521441941,0.532760620030014,-0.607823420422946,0.92120417958034,0.963282256307347,-0.174235429398356,0.490455736813436,-0.171217527103988
"Taiwan_7049",-5.12199166237532,-1.62816288650747,-2.52366789071188,-0.623759792354603,-2.10242042873804,0.152378120150945,0.446872203874319,0.723675109663223,0.302005206395132,1.47391340606628,0.670595737789764,0.226719928981066,0.280026861681554
"Taiwan_7051",-2.86695807809163,-1.04270941601859,-2.86877544612498,-1.47826033024741,-1.75484973197248,0.680887526332865,0.656004003304851,0.764106189208917,0.687245320179965,1.18874295158477,-0.178517368104884,-0.706359805133469,-0.874320515060176
"Taiwan_7054",-4.13516873884251,-1.09739758974099,-3.91537271130677,0.538187555906202,-0.70340671106802,-0.0603652833993852,0.611652583547938,0.959088587908306,0.239032688415367,-0.980095917014795,-0.304366199985211,-1.12191908599003,-0.786549223398729
"Taiwan_7055",-3.42621057396405,-1.23045423182512,-1.40142591731281,-0.260619210589376,-0.870139978127363,1.63942960413115,1.00189775994168,-1.48107289908287,-2.13330190193925,-0.58852169819058,0.673455003339583,-0.220366752990383,-0.284448751953754
"Taiwan_7056",-3.61606749771423,-3.32339875962808,-2.14221713779632,-0.809402584899356,-1.09267572243639,-1.155423358418,1.28436332715995,1.41596907657999,0.82570277191061,1.73831295157297,-1.64357069031303,0.211258596203785,-0.364492672542803
"Taiwan_7057",-4.38241747613705,-1.55468650593302,-4.50522368318439,-0.0846084517347456,-0.971209079052293,0.207945405439724,-0.404880692002528,-0.781792036911102,-0.626591282242555,0.405704946363995,0.547074367019215,-0.721133326907072,-1.59044938636469
"Taiwan_7058",-2.92707316519375,-3.26176060365248,-1.21561527709261,-2.27091167296195,1.0243862725533,0.523910875235258,1.26283590869977,0.724866969575897,-1.03611545140069,-1.22169791013444,-1.06975777795095,0.397231974960956,-1.45386773838536
"Taiwan_7059",-6.1182950809532,-3.26166634617397,-2.38217853243847,-1.03425790700249,-0.170701424090702,-0.660669487356331,-1.08449233418729,-0.961049726603984,-0.019836153985886,0.238153793324425,-1.14377670346795,-0.314608330456121,0.910248536979079
"Taiwan_7062",-4.28224846258412,-0.488507162134358,-3.86692102324519,-1.21970816916475,0.163094434823884,-0.956345112928269,0.158959713302216,0.184473826720573,-1.19865942942469,-0.623838244274161,0.899087468136959,1.00911205180487,-0.750532464753112
"Hawaii_Oahu_6307",-2.24553164064594,4.74273725152818,0.583089502899864,0.404534938848105,1.21039734632135,2.25388321876829,0.781897601104039,0.970035576742637,-0.254896925717405,-0.62562266873987,0.390209090348824,0.734241693343556,0.0193865949810401
"Hawaii_Oahu_6322",-3.27330774441063,3.57558040915362,0.0577440114388361,-0.81134524863485,1.30761243040868,2.21020877842154,0.0120238715660831,0.644441150546292,0.151901629643066,-0.20303240727076,-0.791128662756339,0.358143166785039,0.310398997694823
"Hawaii_Oahu_6324",-3.36427827046327,3.28900530430994,0.246986984717693,0.140413184192258,2.01870592677561,1.38160281311184,0.516155324566727,0.0510705161913728,-0.26173402479431,-0.765036384646601,-0.169053480405015,0.19606897217864,1.10477481483168
"Hawaii_Oahu_6327",-3.34362307830595,2.92078899898979,0.70730639638836,-1.13570218303286,1.55346413608629,2.01352793111393,0.877924877804622,-0.243385738017276,-0.467455444185778,-0.707435201149825,-0.334917216185334,-1.14040846765893,0.488924920871965
"Hawaii_Oahu_6333",-2.47504687985856,4.86841780079583,-0.388314819828353,-0.818485944831575,0.787838438600257,1.90712751006455,0.850244422942316,-0.51760834989763,-0.606410678023436,-0.391030773428013,0.0140111526668449,1.09691408024875,-0.0382752869331462
"Hawaii_Oahu_6338",-3.8639145408587,3.24011594195956,1.7205076530762,-0.810528030990532,2.03020874206691,2.15786569375502,1.73716917404864,0.466157200444872,0.163838880355028,0.0877873167011344,-0.426424523091128,-0.393962095677287,-0.0564278667336902
"Hawaii_Oahu_6342",-3.41700344115297,3.22157093396862,-0.512202188898806,0.279726440114999,3.06290628858186,2.50572502426864,-0.965409804022169,-1.19567070686904,-0.0514820242653256,-0.291308203769614,0.573595649923208,0.0708879962835345,0.942358017799973
"Hawaii_Oahu_6346",-4.85600316827549,3.57079520581131,-0.575072296694586,-1.10330514491385,2.52935938453696,1.031383203016,-1.44225247450657,-3.19197193023434,1.09845786293206,-0.40116875935302,-0.148194031754285,-0.0857758303354981,-0.00431368664172149
"Hawaii_Oahu_6352",-4.12425154676856,3.09572162273131,-0.488368406466526,-0.188118595634237,2.85096447254643,1.33896740931735,-1.19163488572085,-1.28280719465975,0.228105857956609,0.909223539464114,-0.69213017721778,-0.305622846864069,-0.517780263304241
"Hawaii_Oahu_6363",-2.69215734969317,3.9564997190805,0.206947679383721,-1.58466092808053,0.856927648735491,0.972593629943716,0.193174373440313,0.247537316025627,-0.539602912235056,-0.41967628841062,-0.181303710912958,-0.491389483650845,-0.0415600276060841
"Hawaii_Hawaii_6460",-2.22739858486351,4.4446181628295,0.259943668489689,0.430243726419966,1.2091299984079,1.50134333027703,1.50179377930438,1.52745280515271,-0.158516254690147,0.00310727537989136,1.22995339417923,0.153744559798251,0.280757920094871
"Hawaii_Hawaii_6461",-3.62947612495172,2.18581406395073,-1.63183159979822,-0.962707180425406,1.37241106791041,0.997493249544722,1.86588026809383,-0.667041816107849,-0.527905137689501,-0.0565235045529105,-0.102992236895553,0.397339928609395,-1.0989492702685
"Hawaii_Hawaii_6463",-2.26237648263639,3.15258610156579,0.76657772014922,0.392964497266571,1.84671676635108,1.53016754187638,1.67049100077211,0.466689502505661,0.200906617313308,-0.65548512571057,0.197619503158542,-1.1879253377591,-0.226389850887377
"Hawaii_Maui_6549",-2.62186520449943,3.690291479072,1.30896560752395,-1.34565602838104,1.63746210001428,1.62472728208633,0.0709919648189006,-0.521482670933542,-0.562145089122674,0.314885329671657,-0.0733736063781437,0.287775522995266,0.0110011653996269
"Hawaii_Maui_6550",-2.75265454778853,5.01509596246806,-0.180267157189568,-1.18214333827995,1.31451526090447,2.0117457571797,0.313161494834831,0.160183779211709,0.392040816567768,0.144859257363368,0.66426645894868,0.180699555378511,-0.723244427425969
"Hawaii_Maui_6557",-2.62612978467179,2.82170348739242,0.653342735474121,-1.37194626294057,0.383297412296837,0.937732100462347,-0.539145308795404,-2.0524818957509,-0.215781032789847,1.00551307094804,-2.0325749211401,1.52040188426795,0.0409814166310204
"Hawaii_Maui_6563",-2.1753095129814,3.06471412538267,0.619682833598756,-1.05398486794866,1.40876657186051,1.18512930466081,1.06357102969281,0.818421061386574,0.363712787525866,-0.110512632595473,-1.39771139916336,-0.608933571611907,0.048613640218787
"Hawaii_Kahoolawe_6568",-2.58330446202377,3.26069628126487,0.221226383270549,-0.92154815924942,1.74360696014809,1.39124485564533,-1.12543411919273,-0.778317808797895,-0.601313863496784,0.219289706691102,-0.83390865366345,1.13590828677878,-0.285712764408516
"Hawaii_Kauai_6601",-2.21481302349082,2.94412595916268,0.53966068169141,-0.223404488106817,1.00033729292469,2.19102369657516,1.30224727269858,2.1673734343761,-0.634949349976509,-0.292360571224539,0.0018896638745225,-0.580141165621078,0.27005911985405
"Hawaii_Kauai_6604",-3.07294885413748,4.2906007453496,-2.21702786133732,-0.586322530538817,1.26779556412484,0.0441011956574587,-0.19317239056814,0.177489174191505,-0.840885901338053,-0.465283807049195,0.821739789546429,0.0160374224703256,-0.523363422037579
"Hawaii_Kauai_6625",-2.95466317066696,3.44664604887295,1.01486749511003,-0.00896319229179862,1.86636592753942,0.948100702276543,0.861210349121067,0.779956565902644,-0.0742556482379746,0.0683593180464672,0.376558429401441,-0.514782878335447,0.528733867413848
"Hawaii_Kauai_6643",-3.9009461932777,4.13663441686059,-2.29099045767243,-0.648964575104897,2.30638231477065,1.39788053882785,-1.43699835433924,-1.57426987423636,0.709529925176491,0.100443682832406,0.683761879365902,-0.41765551044331,-0.388715487012197
"Hawaii_Kauai_6645",-3.15601133424667,5.32728477103413,0.618906240486492,-0.425669799233458,1.9274863602281,1.44496598055755,0.132619771247448,-0.405214380385874,1.17222223988511,0.169934495527277,1.26908143118683,-0.738051947077791,-0.18751743631564
"Hawaii_Kauai_6646",-3.3948058504614,5.56857206707564,0.722392692963518,-1.01266790474978,1.57514109898917,0.096438509347613,-0.628258328693726,-0.432820935245613,0.861639980982739,0.6174919448147,0.114834881914648,0.391129819256923,-0.443864802171821
"Hawaii_Hawaii_6848",-3.16347800287723,3.56946280071652,0.105118121328311,-0.449795779977089,2.58188664711419,2.26986265350138,-0.497369513312618,-0.917282785285737,-0.792869038158208,0.42435379753831,-0.136185601988905,1.0293044147286,-0.0475852294893589
"Hawaii_Hawaii_6849",-3.81685899981447,4.47282421981848,-0.25171681196015,-0.11186623489528,1.54895488050507,0.531545436384905,0.405238248909056,0.750215196339992,0.894935663132791,-0.0223069756569969,-0.321286159130083,-0.252515191602864,0.30509170799341
"Hawaii_Hawaii_6851",-3.44086373966923,2.59815593426733,-1.03903176986478,0.7252092856671,2.11569715366711,1.71393878289981,-0.261481337239397,-0.21628412103739,-0.450345144917953,-0.447322386392717,0.474680475015918,0.557362591463844,1.11103992876085
"Hawaii_Hawaii_6852",-2.40634338298851,3.88853351059929,-0.7308110116766,-1.62052303326373,1.86773815838759,1.39158142665942,-1.57684581270048,-0.774488783256213,0.100932641229573,1.22964396340021,0.19997423981434,-1.73797276189303,0.275103261645589
"Hawaii_Hawaii_6864",-2.84001054826554,5.70775456710651,-0.371222861347471,-1.82889392077651,0.980488775512953,1.36251368498094,-0.177236466407248,0.172739936844947,0.0862032156242853,0.35361902613589,-0.0860692591589735,0.305218845060553,-0.632870468985119
"T1F.1_T1F.1",0.469073366710944,4.3006569598139,-0.215222113522531,2.6388257774005,-1.14042760345641,-1.28314136441538,-0.106681857973286,-0.260292801293183,0.29071834201367,0.472434178730506,0.128918916205265,-0.514383479055048,0.0328521514431532
"T1F.4_T1F.4",0.796204093712342,3.41711797343509,-0.709252225337762,2.85853260107089,-0.608451240108787,-3.11500206607811,0.479587450329056,0.207473002852819,0.418402104046959,-1.0314042972786,-2.10891096272807,0.648997566043925,0.69465304568681
"T1F.5_T1F.5",0.348971180791432,4.0917382327819,-0.374393091202595,2.95317059482781,-1.38533543573864,-1.37147292662884,0.233727977026172,-0.277348489479968,-0.0432259337766379,0.186926168517978,-0.342335781721555,-0.247456711507432,0.169881301456264
"T1F.6_T1F.6",1.20155863379869,3.65213622054245,-0.650087441545611,2.86953696627338,-0.691702663083238,-2.48028245326749,-0.0229436808067138,-0.161723248671934,0.00439064140529859,-0.960170200210735,-0.906872944745738,0.0697581539305593,1.18103810138019
"T1F.8_T1F.8",1.1171648062385,3.44861430352684,-0.201175066677791,3.00760641028077,-0.390978716514854,-2.69869086234664,-0.137158455147844,0.000734365443563423,-0.174485800721627,-1.50997208379235,-0.896051716103408,-0.320508159997268,0.975894307923492
"T1M.1_T1M.1",0.918443956648298,3.75219235726974,-0.415089579981705,3.0365129055225,-1.79195354916255,-1.78191814775797,0.283022886463014,0.444350593518514,0.0720365188059356,-0.190818638740491,-0.32481879934424,-0.120032263297033,0.333886309557127
"T1M.2_T1M.2",1.08126341389697,3.95960996825289,-1.09526573637802,2.95236116649548,-2.05976354788534,-2.4764754295247,-0.0986045285788729,0.730152543234144,-0.0316365697379575,-0.708277093329765,0.243122510096383,0.231386505401831,-0.289192883692616
"T1M.3_T1M.3",0.244693387031211,4.69264922907238,-0.214072481824433,2.23081547503327,-0.762565660039347,-2.2707548864337,-0.481852676405326,0.129345286652839,-0.388836081057827,0.519015072347341,-0.194457786850598,0.139550487810719,-0.222093207313043
"T1M.4_T1M.4",0.457418607006345,5.11034693124102,-0.836458776058425,2.92585783183034,-0.594508553045747,-3.26614439213052,0.313114527168997,-0.848737117872267,0.0933216249100297,-0.806235808411436,-1.23174215893618,1.02326619708145,-0.250703523054726
"RmelF.1_RmelF.1",-0.124458873962425,3.99563388006816,0.443070100102769,2.88501955447873,-0.797187663287344,-1.22615840572587,-0.449159905938345,0.0341152716661207,-0.808808429704922,0.551914378238845,0.640740545814158,-0.428752990083541,-0.0292142407968719
"RmelF.2_RmelF.2",0.23885157798859,4.31020860380177,-0.179382307122155,2.71189653915557,-1.13114444002362,-1.13495307568504,-0.268845309713238,0.209983552685182,-0.149787867710867,0.213637959404286,0.525240689765216,-0.722485807299179,0.460298014560367
"RmelF.3_RmelF.3",-0.136686680680547,5.10115919019336,-1.02917885078404,3.38779740343594,-1.43805590551035,-1.74818805728028,0.779121770432174,1.00805445772864,0.349313232286265,0.667755044389087,0.781947825953162,0.388155489546434,-0.340636771201548
"RmelF.4_RmelF.4",-0.8837749373168,5.97336434670281,-2.00449706995057,2.39209343080756,-0.884498890491144,-2.05297450492549,-0.811132332777489,-0.761710047057646,-0.372710779915251,0.887762580704498,1.03879101601824,0.00670224542758868,-0.727042863036695
"RmelF.7_RmelF.7",0.509213046195688,3.9037691508738,-0.298103223696489,3.22527232434134,-1.48999191235486,-2.01195302278915,0.106726309818985,0.112674257636114,-0.16012847765546,-0.472803540013729,0.115592952118674,-0.489647528168802,-0.245173330033239
"RmelF.8_RmelF.8",-0.0617575435736204,6.25741313019708,-0.932434179065634,2.88921041441336,-1.43385063477874,-2.19261370550525,-0.250798791279796,-0.549304566628811,0.188157055090253,0.371881041200553,0.0647909464450018,0.513726779874106,-0.913346658133551
"RmelM.2_RmelM.2",-0.102236325061821,4.30026748964312,-0.0637759055936692,2.50681611402677,-0.529587164378064,-1.42267619486522,0.17919873576601,0.151864708019653,-0.100777530485964,0.781748982955418,-0.0165629820557176,-0.0893149275885139,0.0233633569106447
"RmelM.3_RmelM.3",-0.760798628747052,6.59452469953208,-0.462896655960223,2.74663946552144,-0.377804339083858,-1.92614649282304,-0.444731522201227,0.0120809946820384,-0.0293910101015058,0.435294731922548,0.528844195547156,0.453406847505763,-0.260960863749331
"RmelM.4_RmelM.4",0.945378364834374,3.5242610483778,-0.374790084955292,2.23369976367085,-2.04853794563573,-1.11422439255976,-0.0817523809947406,0.922446421707035,0.165784869720665,0.563892152333111,0.625421951279489,-0.532953973587336,0.0157903228967404
"RmelM.7_RmelM.7",0.793464011859162,4.77601547891246,-1.49640693467341,3.0360442223551,-1.93580798065166,-1.73279830004374,0.0712607596329678,0.400560163582288,0.324232991159127,0.414072649021169,0.695222437908579,0.495532220633922,-0.653097120211324
"RmelM.8_RmelM.8",0.284761609229666,3.61255842925517,-0.356640545273614,2.78638676613947,-1.5236422468429,-1.32123811087442,-0.0697060072464317,-0.126661497972898,-0.351381609700456,-0.122008222009474,0.00331519157547672,-0.470094010619296,-0.311026012508581
