key,Population,Lat,Lng
794,Orcadian,59.0,-3.0
795,Orcadian,59.0,-3.0
796,Orcadian,59.0,-3.0
797,Orcadian,59.0,-3.0
798,Orcadian,59.0,-3.0
799,Orcadian,59.0,-3.0
800,Orcadian,59.0,-3.0
801,Orcadian,59.0,-3.0
802,Orcadian,59.0,-3.0
803,Orcadian,59.0,-3.0
804,Orcadian,59.0,-3.0
805,Orcadian,59.0,-3.0
806,Orcadian,59.0,-3.0
807,Orcadian,59.0,-3.0
808,Orcadian,59.0,-3.0
810,Orcadian,59.0,-3.0
1381,Adygei,44.0,39.0
1382,Adygei,44.0,39.0
1383,Adygei,44.0,39.0
1384,Adygei,44.0,39.0
1385,Adygei,44.0,39.0
1386,Adygei,44.0,39.0
1387,Adygei,44.0,39.0
1388,Adygei,44.0,39.0
1396,Adygei,44.0,39.0
1397,Adygei,44.0,39.0
1398,Adygei,44.0,39.0
1399,Adygei,44.0,39.0
1400,Adygei,44.0,39.0
1401,Adygei,44.0,39.0
1402,Adygei,44.0,39.0
1403,Adygei,44.0,39.0
1404,Adygei,44.0,39.0
879,Russian,61.0,40.0
880,Russian,61.0,40.0
881,Russian,61.0,40.0
882,Russian,61.0,40.0
883,Russian,61.0,40.0
884,Russian,61.0,40.0
885,Russian,61.0,40.0
886,Russian,61.0,40.0
887,Russian,61.0,40.0
888,Russian,61.0,40.0
889,Russian,61.0,40.0
890,Russian,61.0,40.0
891,Russian,61.0,40.0
892,Russian,61.0,40.0
893,Russian,61.0,40.0
894,Russian,61.0,40.0
895,Russian,61.0,40.0
896,Russian,61.0,40.0
897,Russian,61.0,40.0
898,Russian,61.0,40.0
899,Russian,61.0,40.0
900,Russian,61.0,40.0
901,Russian,61.0,40.0
902,Russian,61.0,40.0
903,Russian,61.0,40.0
1357,Basque,43.0,0.0
1358,Basque,43.0,0.0
1359,Basque,43.0,0.0
1360,Basque,43.0,0.0
1361,Basque,43.0,0.0
1362,Basque,43.0,0.0
1363,Basque,43.0,0.0
1364,Basque,43.0,0.0
1365,Basque,43.0,0.0
1366,Basque,43.0,0.0
1367,Basque,43.0,0.0
1368,Basque,43.0,0.0
1369,Basque,43.0,0.0
1370,Basque,43.0,0.0
1371,Basque,43.0,0.0
1372,Basque,43.0,0.0
1373,Basque,43.0,0.0
1374,Basque,43.0,0.0
1375,Basque,43.0,0.0
1376,Basque,43.0,0.0
1377,Basque,43.0,0.0
1378,Basque,43.0,0.0
1379,Basque,43.0,0.0
1380,Basque,43.0,0.0
511,French,46.0,2.0
512,French,46.0,2.0
513,French,46.0,2.0
514,French,46.0,2.0
515,French,46.0,2.0
516,French,46.0,2.0
517,French,46.0,2.0
518,French,46.0,2.0
519,French,46.0,2.0
520,French,46.0,2.0
521,French,46.0,2.0
522,French,46.0,2.0
523,French,46.0,2.0
524,French,46.0,2.0
525,French,46.0,2.0
526,French,46.0,2.0
527,French,46.0,2.0
528,French,46.0,2.0
529,French,46.0,2.0
530,French,46.0,2.0
531,French,46.0,2.0
532,French,46.0,2.0
533,French,46.0,2.0
534,French,46.0,2.0
535,French,46.0,2.0
536,French,46.0,2.0
537,French,46.0,2.0
538,French,46.0,2.0
539,French,46.0,2.0
1147,Italian,46.0,10.0
1149,Italian,46.0,10.0
1151,Italian,46.0,10.0
1152,Italian,46.0,10.0
1153,Italian,46.0,10.0
1155,Italian,46.0,10.0
1156,Italian,46.0,10.0
1157,Italian,46.0,10.0
1171,Italian,46.0,10.0
1172,Italian,46.0,10.0
1173,Italian,46.0,10.0
1174,Italian,46.0,10.0
1177,Italian,46.0,10.0
665,Sardinian,40.0,9.0
666,Sardinian,40.0,9.0
667,Sardinian,40.0,9.0
668,Sardinian,40.0,9.0
669,Sardinian,40.0,9.0
670,Sardinian,40.0,9.0
671,Sardinian,40.0,9.0
672,Sardinian,40.0,9.0
673,Sardinian,40.0,9.0
674,Sardinian,40.0,9.0
1062,Sardinian,40.0,9.0
1063,Sardinian,40.0,9.0
1064,Sardinian,40.0,9.0
1065,Sardinian,40.0,9.0
1066,Sardinian,40.0,9.0
1067,Sardinian,40.0,9.0
1068,Sardinian,40.0,9.0
1069,Sardinian,40.0,9.0
1070,Sardinian,40.0,9.0
1071,Sardinian,40.0,9.0
1072,Sardinian,40.0,9.0
1073,Sardinian,40.0,9.0
1074,Sardinian,40.0,9.0
1075,Sardinian,40.0,9.0
1076,Sardinian,40.0,9.0
1077,Sardinian,40.0,9.0
1078,Sardinian,40.0,9.0
1079,Sardinian,40.0,9.0
1161,Tuscan,43.0,11.0
1162,Tuscan,43.0,11.0
1163,Tuscan,43.0,11.0
1164,Tuscan,43.0,11.0
1166,Tuscan,43.0,11.0
1167,Tuscan,43.0,11.0
1168,Tuscan,43.0,11.0
1169,Tuscan,43.0,11.0
1253,Mozabite,32.0,3.0
1254,Mozabite,32.0,3.0
1255,Mozabite,32.0,3.0
1256,Mozabite,32.0,3.0
1257,Mozabite,32.0,3.0
1258,Mozabite,32.0,3.0
1259,Mozabite,32.0,3.0
1260,Mozabite,32.0,3.0
1261,Mozabite,32.0,3.0
1262,Mozabite,32.0,3.0
1263,Mozabite,32.0,3.0
1264,Mozabite,32.0,3.0
1265,Mozabite,32.0,3.0
1266,Mozabite,32.0,3.0
1267,Mozabite,32.0,3.0
1268,Mozabite,32.0,3.0
1269,Mozabite,32.0,3.0
1270,Mozabite,32.0,3.0
1271,Mozabite,32.0,3.0
1272,Mozabite,32.0,3.0
1273,Mozabite,32.0,3.0
1274,Mozabite,32.0,3.0
1275,Mozabite,32.0,3.0
1276,Mozabite,32.0,3.0
1277,Mozabite,32.0,3.0
1278,Mozabite,32.0,3.0
1279,Mozabite,32.0,3.0
1280,Mozabite,32.0,3.0
1281,Mozabite,32.0,3.0
1282,Mozabite,32.0,3.0
607,Bedouin,31.0,35.0
608,Bedouin,31.0,35.0
609,Bedouin,31.0,35.0
610,Bedouin,31.0,35.0
611,Bedouin,31.0,35.0
612,Bedouin,31.0,35.0
613,Bedouin,31.0,35.0
614,Bedouin,31.0,35.0
615,Bedouin,31.0,35.0
616,Bedouin,31.0,35.0
617,Bedouin,31.0,35.0
618,Bedouin,31.0,35.0
619,Bedouin,31.0,35.0
620,Bedouin,31.0,35.0
621,Bedouin,31.0,35.0
622,Bedouin,31.0,35.0
623,Bedouin,31.0,35.0
624,Bedouin,31.0,35.0
625,Bedouin,31.0,35.0
626,Bedouin,31.0,35.0
627,Bedouin,31.0,35.0
628,Bedouin,31.0,35.0
629,Bedouin,31.0,35.0
630,Bedouin,31.0,35.0
631,Bedouin,31.0,35.0
632,Bedouin,31.0,35.0
633,Bedouin,31.0,35.0
634,Bedouin,31.0,35.0
635,Bedouin,31.0,35.0
636,Bedouin,31.0,35.0
637,Bedouin,31.0,35.0
638,Bedouin,31.0,35.0
639,Bedouin,31.0,35.0
640,Bedouin,31.0,35.0
641,Bedouin,31.0,35.0
642,Bedouin,31.0,35.0
643,Bedouin,31.0,35.0
644,Bedouin,31.0,35.0
645,Bedouin,31.0,35.0
646,Bedouin,31.0,35.0
647,Bedouin,31.0,35.0
648,Bedouin,31.0,35.0
649,Bedouin,31.0,35.0
650,Bedouin,31.0,35.0
651,Bedouin,31.0,35.0
653,Bedouin,31.0,35.0
654,Bedouin,31.0,35.0
701,Bedouin,31.0,35.0
557,Druze,32.0,35.0
558,Druze,32.0,35.0
559,Druze,32.0,35.0
560,Druze,32.0,35.0
561,Druze,32.0,35.0
562,Druze,32.0,35.0
563,Druze,32.0,35.0
564,Druze,32.0,35.0
565,Druze,32.0,35.0
566,Druze,32.0,35.0
567,Druze,32.0,35.0
568,Druze,32.0,35.0
569,Druze,32.0,35.0
570,Druze,32.0,35.0
571,Druze,32.0,35.0
572,Druze,32.0,35.0
573,Druze,32.0,35.0
574,Druze,32.0,35.0
575,Druze,32.0,35.0
576,Druze,32.0,35.0
577,Druze,32.0,35.0
578,Druze,32.0,35.0
579,Druze,32.0,35.0
580,Druze,32.0,35.0
581,Druze,32.0,35.0
582,Druze,32.0,35.0
583,Druze,32.0,35.0
584,Druze,32.0,35.0
585,Druze,32.0,35.0
586,Druze,32.0,35.0
587,Druze,32.0,35.0
588,Druze,32.0,35.0
590,Druze,32.0,35.0
591,Druze,32.0,35.0
592,Druze,32.0,35.0
594,Druze,32.0,35.0
595,Druze,32.0,35.0
597,Druze,32.0,35.0
598,Druze,32.0,35.0
599,Druze,32.0,35.0
600,Druze,32.0,35.0
601,Druze,32.0,35.0
602,Druze,32.0,35.0
603,Druze,32.0,35.0
604,Druze,32.0,35.0
605,Druze,32.0,35.0
606,Druze,32.0,35.0
675,Palestinian,32.0,35.0
676,Palestinian,32.0,35.0
677,Palestinian,32.0,35.0
678,Palestinian,32.0,35.0
679,Palestinian,32.0,35.0
680,Palestinian,32.0,35.0
681,Palestinian,32.0,35.0
682,Palestinian,32.0,35.0
683,Palestinian,32.0,35.0
684,Palestinian,32.0,35.0
685,Palestinian,32.0,35.0
686,Palestinian,32.0,35.0
687,Palestinian,32.0,35.0
688,Palestinian,32.0,35.0
689,Palestinian,32.0,35.0
690,Palestinian,32.0,35.0
691,Palestinian,32.0,35.0
692,Palestinian,32.0,35.0
693,Palestinian,32.0,35.0
694,Palestinian,32.0,35.0
695,Palestinian,32.0,35.0
696,Palestinian,32.0,35.0
697,Palestinian,32.0,35.0
698,Palestinian,32.0,35.0
699,Palestinian,32.0,35.0
700,Palestinian,32.0,35.0
722,Palestinian,32.0,35.0
723,Palestinian,32.0,35.0
724,Palestinian,32.0,35.0
725,Palestinian,32.0,35.0
726,Palestinian,32.0,35.0
727,Palestinian,32.0,35.0
728,Palestinian,32.0,35.0
729,Palestinian,32.0,35.0
730,Palestinian,32.0,35.0
731,Palestinian,32.0,35.0
732,Palestinian,32.0,35.0
733,Palestinian,32.0,35.0
734,Palestinian,32.0,35.0
735,Palestinian,32.0,35.0
736,Palestinian,32.0,35.0
737,Palestinian,32.0,35.0
738,Palestinian,32.0,35.0
739,Palestinian,32.0,35.0
740,Palestinian,32.0,35.0
741,Palestinian,32.0,35.0
742,Palestinian,32.0,35.0
743,Palestinian,32.0,35.0
744,Palestinian,32.0,35.0
745,Palestinian,32.0,35.0
746,Palestinian,32.0,35.0
52,Balochi,30.49871492,66.5
54,Balochi,30.49871492,66.5
56,Balochi,30.49871492,66.5
57,Balochi,30.49871492,66.5
58,Balochi,30.49871492,66.5
60,Balochi,30.49871492,66.5
62,Balochi,30.49871492,66.5
64,Balochi,30.49871492,66.5
66,Balochi,30.49871492,66.5
68,Balochi,30.49871492,66.5
70,Balochi,30.49871492,66.5
72,Balochi,30.49871492,66.5
74,Balochi,30.49871492,66.5
76,Balochi,30.49871492,66.5
78,Balochi,30.49871492,66.5
80,Balochi,30.49871492,66.5
82,Balochi,30.49871492,66.5
84,Balochi,30.49871492,66.5
86,Balochi,30.49871492,66.5
88,Balochi,30.49871492,66.5
90,Balochi,30.49871492,66.5
92,Balochi,30.49871492,66.5
94,Balochi,30.49871492,66.5
96,Balochi,30.49871492,66.5
98,Balochi,30.49871492,66.5
1,Brahui,30.49871492,66.5
3,Brahui,30.49871492,66.5
5,Brahui,30.49871492,66.5
7,Brahui,30.49871492,66.5
9,Brahui,30.49871492,66.5
11,Brahui,30.49871492,66.5
13,Brahui,30.49871492,66.5
15,Brahui,30.49871492,66.5
17,Brahui,30.49871492,66.5
19,Brahui,30.49871492,66.5
21,Brahui,30.49871492,66.5
23,Brahui,30.49871492,66.5
25,Brahui,30.49871492,66.5
27,Brahui,30.49871492,66.5
29,Brahui,30.49871492,66.5
31,Brahui,30.49871492,66.5
33,Brahui,30.49871492,66.5
35,Brahui,30.49871492,66.5
37,Brahui,30.49871492,66.5
39,Brahui,30.49871492,66.5
41,Brahui,30.49871492,66.5
43,Brahui,30.49871492,66.5
45,Brahui,30.49871492,66.5
47,Brahui,30.49871492,66.5
49,Brahui,30.49871492,66.5
336,Burusho,36.49838568,74.0
338,Burusho,36.49838568,74.0
341,Burusho,36.49838568,74.0
346,Burusho,36.49838568,74.0
351,Burusho,36.49838568,74.0
356,Burusho,36.49838568,74.0
359,Burusho,36.49838568,74.0
364,Burusho,36.49838568,74.0
371,Burusho,36.49838568,74.0
372,Burusho,36.49838568,74.0
376,Burusho,36.49838568,74.0
382,Burusho,36.49838568,74.0
388,Burusho,36.49838568,74.0
392,Burusho,36.49838568,74.0
397,Burusho,36.49838568,74.0
402,Burusho,36.49838568,74.0
407,Burusho,36.49838568,74.0
412,Burusho,36.49838568,74.0
417,Burusho,36.49838568,74.0
423,Burusho,36.49838568,74.0
428,Burusho,36.49838568,74.0
433,Burusho,36.49838568,74.0
438,Burusho,36.49838568,74.0
444,Burusho,36.49838568,74.0
445,Burusho,36.49838568,74.0
99,Hazara,33.49855601,70.0
100,Hazara,33.49855601,70.0
102,Hazara,33.49855601,70.0
103,Hazara,33.49855601,70.0
104,Hazara,33.49855601,70.0
105,Hazara,33.49855601,70.0
106,Hazara,33.49855601,70.0
108,Hazara,33.49855601,70.0
109,Hazara,33.49855601,70.0
110,Hazara,33.49855601,70.0
112,Hazara,33.49855601,70.0
113,Hazara,33.49855601,70.0
115,Hazara,33.49855601,70.0
116,Hazara,33.49855601,70.0
118,Hazara,33.49855601,70.0
119,Hazara,33.49855601,70.0
120,Hazara,33.49855601,70.0
121,Hazara,33.49855601,70.0
122,Hazara,33.49855601,70.0
124,Hazara,33.49855601,70.0
125,Hazara,33.49855601,70.0
127,Hazara,33.49855601,70.0
128,Hazara,33.49855601,70.0
129,Hazara,33.49855601,70.0
267,Kalash,35.99366014,71.5
274,Kalash,35.99366014,71.5
277,Kalash,35.99366014,71.5
279,Kalash,35.99366014,71.5
281,Kalash,35.99366014,71.5
285,Kalash,35.99366014,71.5
286,Kalash,35.99366014,71.5
288,Kalash,35.99366014,71.5
290,Kalash,35.99366014,71.5
292,Kalash,35.99366014,71.5
298,Kalash,35.99366014,71.5
302,Kalash,35.99366014,71.5
304,Kalash,35.99366014,71.5
307,Kalash,35.99366014,71.5
309,Kalash,35.99366014,71.5
311,Kalash,35.99366014,71.5
313,Kalash,35.99366014,71.5
315,Kalash,35.99366014,71.5
319,Kalash,35.99366014,71.5
321,Kalash,35.99366014,71.5
323,Kalash,35.99366014,71.5
326,Kalash,35.99366014,71.5
328,Kalash,35.99366014,71.5
330,Kalash,35.99366014,71.5
333,Kalash,35.99366014,71.5
130,Makrani,26.0,64.0
131,Makrani,26.0,64.0
133,Makrani,26.0,64.0
134,Makrani,26.0,64.0
135,Makrani,26.0,64.0
136,Makrani,26.0,64.0
137,Makrani,26.0,64.0
139,Makrani,26.0,64.0
140,Makrani,26.0,64.0
141,Makrani,26.0,64.0
143,Makrani,26.0,64.0
144,Makrani,26.0,64.0
145,Makrani,26.0,64.0
146,Makrani,26.0,64.0
148,Makrani,26.0,64.0
149,Makrani,26.0,64.0
150,Makrani,26.0,64.0
151,Makrani,26.0,64.0
153,Makrani,26.0,64.0
154,Makrani,26.0,64.0
155,Makrani,26.0,64.0
157,Makrani,26.0,64.0
158,Makrani,26.0,64.0
160,Makrani,26.0,64.0
161,Makrani,26.0,64.0
213,Pathan,33.48700562,70.5
214,Pathan,33.48700562,70.5
216,Pathan,33.48700562,70.5
218,Pathan,33.48700562,70.5
222,Pathan,33.48700562,70.5
224,Pathan,33.48700562,70.5
226,Pathan,33.48700562,70.5
228,Pathan,33.48700562,70.5
230,Pathan,33.48700562,70.5
232,Pathan,33.48700562,70.5
234,Pathan,33.48700562,70.5
237,Pathan,33.48700562,70.5
239,Pathan,33.48700562,70.5
241,Pathan,33.48700562,70.5
243,Pathan,33.48700562,70.5
244,Pathan,33.48700562,70.5
247,Pathan,33.48700562,70.5
248,Pathan,33.48700562,70.5
251,Pathan,33.48700562,70.5
254,Pathan,33.48700562,70.5
258,Pathan,33.48700562,70.5
259,Pathan,33.48700562,70.5
262,Pathan,33.48700562,70.5
264,Pathan,33.48700562,70.5
163,Sindhi,25.49063551,69.0
165,Sindhi,25.49063551,69.0
167,Sindhi,25.49063551,69.0
169,Sindhi,25.49063551,69.0
171,Sindhi,25.49063551,69.0
173,Sindhi,25.49063551,69.0
175,Sindhi,25.49063551,69.0
177,Sindhi,25.49063551,69.0
179,Sindhi,25.49063551,69.0
181,Sindhi,25.49063551,69.0
183,Sindhi,25.49063551,69.0
185,Sindhi,25.49063551,69.0
187,Sindhi,25.49063551,69.0
189,Sindhi,25.49063551,69.0
191,Sindhi,25.49063551,69.0
192,Sindhi,25.49063551,69.0
195,Sindhi,25.49063551,69.0
197,Sindhi,25.49063551,69.0
199,Sindhi,25.49063551,69.0
201,Sindhi,25.49063551,69.0
203,Sindhi,25.49063551,69.0
205,Sindhi,25.49063551,69.0
206,Sindhi,25.49063551,69.0
208,Sindhi,25.49063551,69.0
210,Sindhi,25.49063551,69.0
490,Melanesian,-6.0,155.0
491,Melanesian,-6.0,155.0
655,Melanesian,-6.0,155.0
656,Melanesian,-6.0,155.0
657,Melanesian,-6.0,155.0
658,Melanesian,-6.0,155.0
660,Melanesian,-6.0,155.0
661,Melanesian,-6.0,155.0
662,Melanesian,-6.0,155.0
663,Melanesian,-6.0,155.0
664,Melanesian,-6.0,155.0
787,Melanesian,-6.0,155.0
788,Melanesian,-6.0,155.0
789,Melanesian,-6.0,155.0
823,Melanesian,-6.0,155.0
824,Melanesian,-6.0,155.0
825,Melanesian,-6.0,155.0
978,Melanesian,-6.0,155.0
1027,Melanesian,-6.0,155.0
540,Papuan,-4.0,143.0
541,Papuan,-4.0,143.0
542,Papuan,-4.0,143.0
543,Papuan,-4.0,143.0
544,Papuan,-4.0,143.0
545,Papuan,-4.0,143.0
546,Papuan,-4.0,143.0
547,Papuan,-4.0,143.0
548,Papuan,-4.0,143.0
549,Papuan,-4.0,143.0
550,Papuan,-4.0,143.0
551,Papuan,-4.0,143.0
552,Papuan,-4.0,143.0
553,Papuan,-4.0,143.0
554,Papuan,-4.0,143.0
555,Papuan,-4.0,143.0
556,Papuan,-4.0,143.0
702,Colombian,3.0,-68.0
703,Colombian,3.0,-68.0
704,Colombian,3.0,-68.0
705,Colombian,3.0,-68.0
706,Colombian,3.0,-68.0
707,Colombian,3.0,-68.0
708,Colombian,3.0,-68.0
709,Colombian,3.0,-68.0
710,Colombian,3.0,-68.0
792,Colombian,3.0,-68.0
793,Colombian,3.0,-68.0
827,Colombian,3.0,-68.0
970,Colombian,3.0,-68.0
995,Karitiana,-10.0,-63.0
996,Karitiana,-10.0,-63.0
997,Karitiana,-10.0,-63.0
998,Karitiana,-10.0,-63.0
999,Karitiana,-10.0,-63.0
1000,Karitiana,-10.0,-63.0
1001,Karitiana,-10.0,-63.0
1003,Karitiana,-10.0,-63.0
1004,Karitiana,-10.0,-63.0
1005,Karitiana,-10.0,-63.0
1006,Karitiana,-10.0,-63.0
1007,Karitiana,-10.0,-63.0
1008,Karitiana,-10.0,-63.0
1009,Karitiana,-10.0,-63.0
1010,Karitiana,-10.0,-63.0
1011,Karitiana,-10.0,-63.0
1012,Karitiana,-10.0,-63.0
1013,Karitiana,-10.0,-63.0
1014,Karitiana,-10.0,-63.0
1015,Karitiana,-10.0,-63.0
1016,Karitiana,-10.0,-63.0
1017,Karitiana,-10.0,-63.0
1018,Karitiana,-10.0,-63.0
1019,Karitiana,-10.0,-63.0
830,Surui,-11.0,-62.0
832,Surui,-11.0,-62.0
833,Surui,-11.0,-62.0
834,Surui,-11.0,-62.0
835,Surui,-11.0,-62.0
837,Surui,-11.0,-62.0
838,Surui,-11.0,-62.0
839,Surui,-11.0,-62.0
840,Surui,-11.0,-62.0
841,Surui,-11.0,-62.0
842,Surui,-11.0,-62.0
843,Surui,-11.0,-62.0
844,Surui,-11.0,-62.0
845,Surui,-11.0,-62.0
846,Surui,-11.0,-62.0
847,Surui,-11.0,-62.0
848,Surui,-11.0,-62.0
849,Surui,-11.0,-62.0
850,Surui,-11.0,-62.0
851,Surui,-11.0,-62.0
852,Surui,-11.0,-62.0
854,Maya,19.0,-91.0
855,Maya,19.0,-91.0
856,Maya,19.0,-91.0
857,Maya,19.0,-91.0
858,Maya,19.0,-91.0
859,Maya,19.0,-91.0
860,Maya,19.0,-91.0
861,Maya,19.0,-91.0
862,Maya,19.0,-91.0
863,Maya,19.0,-91.0
864,Maya,19.0,-91.0
865,Maya,19.0,-91.0
866,Maya,19.0,-91.0
867,Maya,19.0,-91.0
868,Maya,19.0,-91.0
869,Maya,19.0,-91.0
870,Maya,19.0,-91.0
871,Maya,19.0,-91.0
872,Maya,19.0,-91.0
873,Maya,19.0,-91.0
874,Maya,19.0,-91.0
875,Maya,19.0,-91.0
876,Maya,19.0,-91.0
877,Maya,19.0,-91.0
878,Maya,19.0,-91.0
1037,Pima,29.0,-108.0
1038,Pima,29.0,-108.0
1039,Pima,29.0,-108.0
1040,Pima,29.0,-108.0
1041,Pima,29.0,-108.0
1042,Pima,29.0,-108.0
1043,Pima,29.0,-108.0
1044,Pima,29.0,-108.0
1045,Pima,29.0,-108.0
1046,Pima,29.0,-108.0
1047,Pima,29.0,-108.0
1048,Pima,29.0,-108.0
1049,Pima,29.0,-108.0
1050,Pima,29.0,-108.0
1051,Pima,29.0,-108.0
1052,Pima,29.0,-108.0
1053,Pima,29.0,-108.0
1054,Pima,29.0,-108.0
1055,Pima,29.0,-108.0
1056,Pima,29.0,-108.0
1057,Pima,29.0,-108.0
1058,Pima,29.0,-108.0
1059,Pima,29.0,-108.0
1060,Pima,29.0,-108.0
1061,Pima,29.0,-108.0
993,BantuSouthAfrica,-25.56926433,24.25
994,BantuSouthAfrica,-25.56926433,24.25
1028,BantuSouthAfrica,-25.56926433,24.25
1030,BantuSouthAfrica,-25.56926433,24.25
1031,BantuSouthAfrica,-25.56926433,24.25
1033,BantuSouthAfrica,-25.56926433,24.25
1034,BantuSouthAfrica,-25.56926433,24.25
1035,BantuSouthAfrica,-25.56926433,24.25
1405,BantuKenya,-3.0,37.0
1406,BantuKenya,-3.0,37.0
1408,BantuKenya,-3.0,37.0
1411,BantuKenya,-3.0,37.0
1412,BantuKenya,-3.0,37.0
1413,BantuKenya,-3.0,37.0
1414,BantuKenya,-3.0,37.0
1415,BantuKenya,-3.0,37.0
1416,BantuKenya,-3.0,37.0
1417,BantuKenya,-3.0,37.0
1418,BantuKenya,-3.0,37.0
1419,BantuKenya,-3.0,37.0
904,Mandenka,12.0,-12.0
905,Mandenka,12.0,-12.0
906,Mandenka,12.0,-12.0
907,Mandenka,12.0,-12.0
908,Mandenka,12.0,-12.0
909,Mandenka,12.0,-12.0
910,Mandenka,12.0,-12.0
911,Mandenka,12.0,-12.0
912,Mandenka,12.0,-12.0
913,Mandenka,12.0,-12.0
914,Mandenka,12.0,-12.0
915,Mandenka,12.0,-12.0
916,Mandenka,12.0,-12.0
917,Mandenka,12.0,-12.0
918,Mandenka,12.0,-12.0
919,Mandenka,12.0,-12.0
1199,Mandenka,12.0,-12.0
1200,Mandenka,12.0,-12.0
1201,Mandenka,12.0,-12.0
1202,Mandenka,12.0,-12.0
1283,Mandenka,12.0,-12.0
1284,Mandenka,12.0,-12.0
1285,Mandenka,12.0,-12.0
1286,Mandenka,12.0,-12.0
920,Yoruba,7.995094727000001,5.0
921,Yoruba,7.995094727000001,5.0
922,Yoruba,7.995094727000001,5.0
923,Yoruba,7.995094727000001,5.0
924,Yoruba,7.995094727000001,5.0
925,Yoruba,7.995094727000001,5.0
926,Yoruba,7.995094727000001,5.0
927,Yoruba,7.995094727000001,5.0
928,Yoruba,7.995094727000001,5.0
929,Yoruba,7.995094727000001,5.0
930,Yoruba,7.995094727000001,5.0
931,Yoruba,7.995094727000001,5.0
932,Yoruba,7.995094727000001,5.0
933,Yoruba,7.995094727000001,5.0
934,Yoruba,7.995094727000001,5.0
935,Yoruba,7.995094727000001,5.0
936,Yoruba,7.995094727000001,5.0
937,Yoruba,7.995094727000001,5.0
938,Yoruba,7.995094727000001,5.0
939,Yoruba,7.995094727000001,5.0
940,Yoruba,7.995094727000001,5.0
941,Yoruba,7.995094727000001,5.0
942,Yoruba,7.995094727000001,5.0
943,Yoruba,7.995094727000001,5.0
944,Yoruba,7.995094727000001,5.0
448,BiakaPygmy,4.0,17.0
451,BiakaPygmy,4.0,17.0
452,BiakaPygmy,4.0,17.0
453,BiakaPygmy,4.0,17.0
454,BiakaPygmy,4.0,17.0
455,BiakaPygmy,4.0,17.0
457,BiakaPygmy,4.0,17.0
458,BiakaPygmy,4.0,17.0
459,BiakaPygmy,4.0,17.0
460,BiakaPygmy,4.0,17.0
461,BiakaPygmy,4.0,17.0
464,BiakaPygmy,4.0,17.0
465,BiakaPygmy,4.0,17.0
466,BiakaPygmy,4.0,17.0
469,BiakaPygmy,4.0,17.0
470,BiakaPygmy,4.0,17.0
472,BiakaPygmy,4.0,17.0
473,BiakaPygmy,4.0,17.0
475,BiakaPygmy,4.0,17.0
477,BiakaPygmy,4.0,17.0
479,BiakaPygmy,4.0,17.0
985,BiakaPygmy,4.0,17.0
986,BiakaPygmy,4.0,17.0
1084,BiakaPygmy,4.0,17.0
1085,BiakaPygmy,4.0,17.0
1086,BiakaPygmy,4.0,17.0
1088,BiakaPygmy,4.0,17.0
1089,BiakaPygmy,4.0,17.0
1090,BiakaPygmy,4.0,17.0
1091,BiakaPygmy,4.0,17.0
1093,BiakaPygmy,4.0,17.0
1094,BiakaPygmy,4.0,17.0
449,MbutiPygmy,1.0,29.0
450,MbutiPygmy,1.0,29.0
456,MbutiPygmy,1.0,29.0
462,MbutiPygmy,1.0,29.0
463,MbutiPygmy,1.0,29.0
467,MbutiPygmy,1.0,29.0
468,MbutiPygmy,1.0,29.0
471,MbutiPygmy,1.0,29.0
474,MbutiPygmy,1.0,29.0
476,MbutiPygmy,1.0,29.0
478,MbutiPygmy,1.0,29.0
982,MbutiPygmy,1.0,29.0
983,MbutiPygmy,1.0,29.0
984,MbutiPygmy,1.0,29.0
1081,MbutiPygmy,1.0,29.0
987,San,-21.0,20.0
988,San,-21.0,20.0
991,San,-21.0,20.0
992,San,-21.0,20.0
1029,San,-21.0,20.0
1032,San,-21.0,20.0
1036,San,-21.0,20.0
774,Han,32.26566812,114.0
775,Han,32.26566812,114.0
776,Han,32.26566812,114.0
777,Han,32.26566812,114.0
778,Han,32.26566812,114.0
779,Han,32.26566812,114.0
780,Han,32.26566812,114.0
781,Han,32.26566812,114.0
782,Han,32.26566812,114.0
783,Han,32.26566812,114.0
784,Han,32.26566812,114.0
785,Han,32.26566812,114.0
786,Han,32.26566812,114.0
811,Han,32.26566812,114.0
812,Han,32.26566812,114.0
813,Han,32.26566812,114.0
814,Han,32.26566812,114.0
815,Han,32.26566812,114.0
817,Han,32.26566812,114.0
818,Han,32.26566812,114.0
819,Han,32.26566812,114.0
820,Han,32.26566812,114.0
821,Han,32.26566812,114.0
822,Han,32.26566812,114.0
971,Han,32.26566812,114.0
972,Han,32.26566812,114.0
973,Han,32.26566812,114.0
974,Han,32.26566812,114.0
975,Han,32.26566812,114.0
976,Han,32.26566812,114.0
977,Han,32.26566812,114.0
1021,Han,32.26566812,114.0
1023,Han,32.26566812,114.0
1024,Han,32.26566812,114.0
1287,Han-NChina,32.26566812,114.0
1288,Han-NChina,32.26566812,114.0
1289,Han-NChina,32.26566812,114.0
1290,Han-NChina,32.26566812,114.0
1291,Han-NChina,32.26566812,114.0
1292,Han-NChina,32.26566812,114.0
1293,Han-NChina,32.26566812,114.0
1294,Han-NChina,32.26566812,114.0
1295,Han-NChina,32.26566812,114.0
1296,Han-NChina,32.26566812,114.0
1307,Dai,21.0,100.0
1308,Dai,21.0,100.0
1309,Dai,21.0,100.0
1310,Dai,21.0,100.0
1311,Dai,21.0,100.0
1312,Dai,21.0,100.0
1313,Dai,21.0,100.0
1314,Dai,21.0,100.0
1315,Dai,21.0,100.0
1316,Dai,21.0,100.0
1213,Daur,48.49753416,124.0
1214,Daur,48.49753416,124.0
1215,Daur,48.49753416,124.0
1216,Daur,48.49753416,124.0
1217,Daur,48.49753416,124.0
1218,Daur,48.49753416,124.0
1219,Daur,48.49753416,124.0
1220,Daur,48.49753416,124.0
1221,Daur,48.49753416,124.0
1222,Daur,48.49753416,124.0
1233,Hezhen,47.4976192,133.5
1234,Hezhen,47.4976192,133.5
1236,Hezhen,47.4976192,133.5
1237,Hezhen,47.4976192,133.5
1238,Hezhen,47.4976192,133.5
1239,Hezhen,47.4976192,133.5
1240,Hezhen,47.4976192,133.5
1241,Hezhen,47.4976192,133.5
1242,Hezhen,47.4976192,133.5
1317,Lahu,22.0,100.0
1318,Lahu,22.0,100.0
1319,Lahu,22.0,100.0
1320,Lahu,22.0,100.0
1321,Lahu,22.0,100.0
1322,Lahu,22.0,100.0
1323,Lahu,22.0,100.0
1324,Lahu,22.0,100.0
1325,Lahu,22.0,100.0
1326,Lahu,22.0,100.0
1189,Miao,28.0,109.0
1190,Miao,28.0,109.0
1191,Miao,28.0,109.0
1192,Miao,28.0,109.0
1193,Miao,28.0,109.0
1194,Miao,28.0,109.0
1195,Miao,28.0,109.0
1196,Miao,28.0,109.0
1197,Miao,28.0,109.0
1198,Miao,28.0,109.0
1203,Oroqen,50.43389257,126.5
1204,Oroqen,50.43389257,126.5
1205,Oroqen,50.43389257,126.5
1206,Oroqen,50.43389257,126.5
1207,Oroqen,50.43389257,126.5
1208,Oroqen,50.43389257,126.5
1209,Oroqen,50.43389257,126.5
1210,Oroqen,50.43389257,126.5
1211,Oroqen,50.43389257,126.5
1212,Oroqen,50.43389257,126.5
1327,She,27.0,119.0
1328,She,27.0,119.0
1329,She,27.0,119.0
1330,She,27.0,119.0
1331,She,27.0,119.0
1332,She,27.0,119.0
1333,She,27.0,119.0
1334,She,27.0,119.0
1335,She,27.0,119.0
1336,She,27.0,119.0
1095,Tujia,29.0,109.0
1096,Tujia,29.0,109.0
1097,Tujia,29.0,109.0
1098,Tujia,29.0,109.0
1099,Tujia,29.0,109.0
1100,Tujia,29.0,109.0
1101,Tujia,29.0,109.0
1102,Tujia,29.0,109.0
1103,Tujia,29.0,109.0
1104,Tujia,29.0,109.0
1347,Tu,36.0,101.0
1348,Tu,36.0,101.0
1349,Tu,36.0,101.0
1350,Tu,36.0,101.0
1351,Tu,36.0,101.0
1352,Tu,36.0,101.0
1353,Tu,36.0,101.0
1354,Tu,36.0,101.0
1355,Tu,36.0,101.0
1356,Tu,36.0,101.0
1243,Xibo,43.49792973,81.5
1244,Xibo,43.49792973,81.5
1245,Xibo,43.49792973,81.5
1246,Xibo,43.49792973,81.5
1247,Xibo,43.49792973,81.5
1248,Xibo,43.49792973,81.5
1249,Xibo,43.49792973,81.5
1250,Xibo,43.49792973,81.5
1251,Xibo,43.49792973,81.5
1179,Yi,28.0,103.0
1180,Yi,28.0,103.0
1181,Yi,28.0,103.0
1182,Yi,28.0,103.0
1183,Yi,28.0,103.0
1184,Yi,28.0,103.0
1185,Yi,28.0,103.0
1186,Yi,28.0,103.0
1187,Yi,28.0,103.0
1188,Yi,28.0,103.0
1223,Mongola,45.0,111.0
1224,Mongola,45.0,111.0
1225,Mongola,45.0,111.0
1226,Mongola,45.0,111.0
1227,Mongola,45.0,111.0
1228,Mongola,45.0,111.0
1229,Mongola,45.0,111.0
1230,Mongola,45.0,111.0
1231,Mongola,45.0,111.0
1232,Mongola,45.0,111.0
1337,Naxi,26.0,100.0
1338,Naxi,26.0,100.0
1339,Naxi,26.0,100.0
1340,Naxi,26.0,100.0
1341,Naxi,26.0,100.0
1342,Naxi,26.0,100.0
1343,Naxi,26.0,100.0
1344,Naxi,26.0,100.0
1345,Naxi,26.0,100.0
1346,Naxi,26.0,100.0
1297,Uygur,44.0,81.0
1298,Uygur,44.0,81.0
1299,Uygur,44.0,81.0
1300,Uygur,44.0,81.0
1301,Uygur,44.0,81.0
1302,Uygur,44.0,81.0
1303,Uygur,44.0,81.0
1304,Uygur,44.0,81.0
1305,Uygur,44.0,81.0
1306,Uygur,44.0,81.0
711,Cambodian,12.0,105.0
712,Cambodian,12.0,105.0
713,Cambodian,12.0,105.0
714,Cambodian,12.0,105.0
715,Cambodian,12.0,105.0
716,Cambodian,12.0,105.0
717,Cambodian,12.0,105.0
718,Cambodian,12.0,105.0
719,Cambodian,12.0,105.0
720,Cambodian,12.0,105.0
721,Cambodian,12.0,105.0
747,Japanese,38.0,138.0
748,Japanese,38.0,138.0
749,Japanese,38.0,138.0
750,Japanese,38.0,138.0
751,Japanese,38.0,138.0
752,Japanese,38.0,138.0
753,Japanese,38.0,138.0
754,Japanese,38.0,138.0
755,Japanese,38.0,138.0
756,Japanese,38.0,138.0
757,Japanese,38.0,138.0
758,Japanese,38.0,138.0
759,Japanese,38.0,138.0
760,Japanese,38.0,138.0
761,Japanese,38.0,138.0
762,Japanese,38.0,138.0
763,Japanese,38.0,138.0
764,Japanese,38.0,138.0
765,Japanese,38.0,138.0
766,Japanese,38.0,138.0
767,Japanese,38.0,138.0
768,Japanese,38.0,138.0
769,Japanese,38.0,138.0
771,Japanese,38.0,138.0
772,Japanese,38.0,138.0
773,Japanese,38.0,138.0
790,Japanese,38.0,138.0
791,Japanese,38.0,138.0
828,Japanese,38.0,138.0
945,Yakut,62.98287845,129.5
946,Yakut,62.98287845,129.5
947,Yakut,62.98287845,129.5
948,Yakut,62.98287845,129.5
949,Yakut,62.98287845,129.5
950,Yakut,62.98287845,129.5
951,Yakut,62.98287845,129.5
952,Yakut,62.98287845,129.5
953,Yakut,62.98287845,129.5
954,Yakut,62.98287845,129.5
955,Yakut,62.98287845,129.5
956,Yakut,62.98287845,129.5
957,Yakut,62.98287845,129.5
958,Yakut,62.98287845,129.5
959,Yakut,62.98287845,129.5
960,Yakut,62.98287845,129.5
961,Yakut,62.98287845,129.5
962,Yakut,62.98287845,129.5
963,Yakut,62.98287845,129.5
964,Yakut,62.98287845,129.5
965,Yakut,62.98287845,129.5
966,Yakut,62.98287845,129.5
967,Yakut,62.98287845,129.5
968,Yakut,62.98287845,129.5
969,Yakut,62.98287845,129.5
