"","posterior.1","posterior.10","posterior.11","posterior.12","posterior.13","posterior.14","posterior.2","posterior.3","posterior.4","posterior.5","posterior.6","posterior.7","posterior.8","posterior.9"
"Senegal_Casamance_6285",0.99961598226042,1.41870280740783e-26,9.67242714644369e-35,2.57291647107087e-36,8.73624871281161e-32,1.03821075803638e-34,0.000384017739408327,8.50436254586375e-15,1.6325885988351e-13,1.23108291211958e-27,2.12757206112669e-22,2.58495293453728e-25,1.72259708199956e-25,1.66006282659251e-36
"Senegal_Casamance_6286",0.0364424652233576,1.76040341529356e-11,7.3235853575178e-17,4.09447569205916e-20,4.46971063937404e-09,7.02348986928166e-13,0.205745209903386,5.41612965200798e-05,0.75775814875976,1.11361521924121e-13,1.02691563952106e-08,5.89919263735543e-11,6.99443880403209e-13,3.99310917460049e-21
"Senegal_Casamance_6288",0.955009898477078,2.28155124795366e-22,4.30464666275209e-29,5.56841738684411e-31,4.15633377719436e-18,1.04411169043399e-21,0.0449901015129096,3.19126408828785e-14,9.98064402615043e-12,2.34977346081478e-24,1.14023384205902e-18,1.74814786049674e-21,3.96243133832488e-23,5.05437446506525e-31
"Senegal_Casamance_6289",0.985403825605635,4.31476990062521e-24,5.08965078806224e-29,7.84287138831346e-34,5.49306860440249e-22,1.51855419598885e-25,0.0145961741121338,2.79893149889579e-14,2.82203419209993e-10,1.60458188298306e-25,1.83667301682701e-20,3.13938432062644e-24,1.01075935935392e-24,2.43129402208357e-35
"Senegal_Casamance_6290",0.999953232498268,1.73292609439086e-31,3.37705720949473e-42,3.41327927063731e-40,8.52425421537958e-25,4.01154518108844e-29,4.67675017316324e-05,2.75962213421795e-17,1.00845604636672e-16,2.36085013505413e-32,4.08635118101003e-27,1.72184362008841e-29,3.24768508310072e-31,1.19052112286023e-43
"Senegal_Casamance_6292",0.994771193232696,4.15779044542419e-21,4.68011287528752e-30,1.25073631261174e-32,6.00012717341582e-21,2.64847018219207e-24,0.0052288064409897,9.62704809235013e-13,3.2535126130128e-10,4.70654769091173e-21,2.41381701889296e-17,1.18123786108051e-20,3.17146986094485e-22,3.22493743140413e-32
"Senegal_Casamance_6293",0.99995449707685,9.19879652209444e-24,1.38154590059656e-31,1.51992618831647e-29,1.72286109572992e-18,2.05320841402268e-21,4.55026215098092e-05,2.07736760022548e-10,9.39033162967532e-11,1.92443340211778e-25,1.00071558975635e-18,2.63456998689822e-21,7.77977510973814e-23,3.18651361864951e-31
"Senegal_Casamance_6294",0.999998964379589,2.4921976463562e-24,1.02514540529259e-30,6.11946736100331e-32,1.31031182090068e-19,2.90440940922005e-22,1.03486231055381e-06,5.58902469053907e-10,1.99197650010246e-10,4.25325358209203e-24,3.71375272186701e-19,8.40197669916278e-23,7.99883430657962e-24,3.58403698711131e-31
"Senegal_Casamance_6295",0.99965650911214,1.749471763297e-28,2.39821673677163e-36,6.65496515964358e-42,1.04662752581383e-30,1.82604636607164e-34,0.000343490887860357,5.50435714560751e-18,1.5964721723925e-16,2.91421154306538e-29,5.44315059119954e-25,1.28659187702173e-27,1.1459298038465e-29,1.00049632611718e-37
"Senegal_Casamance_6296",0.999998387897213,1.36594699437995e-29,5.16413084462938e-38,4.58043750371385e-40,2.04742969071409e-27,4.9081276933237e-31,1.61210275099894e-06,2.03148587674992e-14,1.61299434610089e-14,1.11466664347289e-29,1.30051790970853e-24,4.98188825680974e-27,2.9929846295181e-29,2.65923574475385e-40
"Senegal_Casamance_6297",0.999997115442704,7.99623182786955e-30,1.74488510408701e-36,1.45506136691931e-41,7.42394307270233e-29,4.66659603968857e-32,2.88455729501703e-06,4.97955561085226e-16,6.00345449237417e-16,9.03409296594065e-32,3.92652924162273e-26,6.08238668834003e-30,2.10121823340209e-30,3.46438892959545e-37
"Senegal_Casamance_6298",0.999984856824133,4.2669817769706e-31,3.67113457863946e-40,1.67466032215936e-42,7.52107573025484e-31,3.56006826290567e-35,1.51431758674198e-05,1.0211110207115e-16,5.17600486526479e-17,2.13927999557176e-32,4.1468485355531e-27,2.0615046657327e-29,1.54909427344777e-30,4.90967889243546e-40
"Senegal_Casamance_6299",0.999524547228603,9.79784990442139e-23,1.56722532110425e-31,1.58596809623428e-28,3.18553474423284e-21,8.62936896472372e-24,0.000475429416897034,1.78205029268707e-09,2.15724500608983e-08,1.04531583114376e-22,1.20800427383011e-17,1.21979060145922e-21,7.12491527029374e-22,2.10690348666543e-30
"Senegal_Casamance_6300",0.999767693409041,1.00278450372146e-25,2.78026163020496e-34,3.81816657073812e-29,2.0928887496411e-21,3.21531950248607e-24,0.000232306582703988,8.25250006352316e-13,7.42952335011554e-12,6.12535452259571e-25,8.34724534621124e-20,2.41917129197497e-23,1.20354460624907e-24,3.0936158882919e-32
"Senegal_Casamance_6301",0.794013611116519,2.01198532277066e-25,2.53553160265991e-34,4.79042987568485e-31,1.65516320219687e-21,2.35934786425352e-25,0.205986388883044,1.28234063017838e-17,4.37472690049417e-13,7.83205576989877e-26,9.00480775139723e-22,6.48430860449914e-25,3.37758966892686e-26,3.05065800707155e-37
"Senegal_Casamance_6302",0.0888600985323767,1.47639525461327e-10,3.39795274644741e-14,1.98215530040073e-15,6.42404403220172e-09,6.50904022361643e-10,0.893050935409978,9.43858927961103e-08,0.0180885260572786,6.65516339308633e-13,3.38374083198103e-07,1.5739796086148e-11,1.36189357210179e-12,1.08498526004899e-18
"Senegal_Casamance_6303",0.999893582396878,1.03906150814195e-29,4.19891540585798e-38,3.79598033539458e-41,1.04897629869637e-28,1.81545590001252e-31,0.000106417603118189,4.63328842857312e-16,3.22570156783818e-15,1.31321050552279e-33,3.90611499401785e-28,3.99004422673115e-32,1.57318708981042e-33,3.60316242255801e-42
"Senegal_Casamance_6305",0.979837978496587,1.13637762732707e-26,1.1759197253609e-34,9.16914000447633e-34,2.6371402437629e-22,2.28048830559112e-26,0.0201620215014119,1.38488344934109e-15,1.9993307074581e-12,1.36749919075406e-27,9.11681847723919e-23,2.03886302516103e-26,4.63711360436182e-28,1.75847074758656e-35
"Tanzania_6573",3.1585352627854e-05,5.81578349000494e-05,1.41336369645405e-12,3.53591076822583e-12,6.37046114210165e-08,4.98288853777802e-09,0.0335151785682343,6.73942791398202e-05,0.941130378623522,1.15564181603705e-07,0.0251824301713348,1.23001726886499e-05,2.39072579052582e-06,1.51309915302779e-11
"Tanzania_6579",0.618124728422181,1.65781900370028e-27,7.1238225028778e-38,5.71288141640976e-39,5.71781191963741e-26,1.65259659868518e-30,0.381875271577819,1.61965302074779e-20,7.04596242608215e-17,1.57990281579008e-29,7.89773894233706e-25,1.1829291570733e-28,2.22160330752964e-30,1.19933149009471e-36
"Tanzania_6580",0.000311387013107116,0.000250742511233037,1.30392629719453e-07,2.53224240915237e-11,8.61061657796053e-08,2.804850829314e-09,0.389230626503165,3.49918505566546e-07,0.609288786388438,3.79064461276128e-07,0.000916330221242491,9.20677711545865e-07,2.58373162963979e-07,3.78663179336448e-15
"Tanzania_6581",7.71385041411076e-05,5.58983020079227e-22,1.25633588084244e-31,6.92473795368839e-28,4.50752536998844e-24,3.48300977448295e-26,0.999922861494063,1.85487993720034e-20,1.79614058717687e-12,1.87542823585468e-22,8.1703086081618e-19,3.50621051466344e-24,4.16726689237095e-24,8.43999009322314e-35
"Tanzania_6583",0.58800052137571,3.13795209251563e-23,1.80111991709084e-28,2.68936155813371e-28,1.71336178412119e-20,5.36825229997677e-24,0.411999478624233,1.2342534882975e-16,5.75224091994597e-14,3.28179920382144e-24,5.84389384851416e-20,9.16239730822548e-24,4.18174263913619e-25,7.54145094426894e-28
"Tanzania_6588",0.00425996979603332,1.48757541303848e-18,9.25580505740576e-25,2.25439816048062e-27,3.07566255654602e-20,1.60964882008055e-23,0.995740030199139,2.09668000872561e-18,4.82760377499944e-12,2.28008433556981e-20,6.39279414872068e-18,9.48455761060717e-21,8.17608983843422e-23,6.41801878850246e-31
"Tanzania_6589",0.000545992743398821,1.08391849273262e-18,3.77352271912947e-24,4.5690086182565e-24,9.15703752374999e-20,1.2820120667674e-21,0.999454005974476,1.03119492631934e-17,1.28212512859259e-09,4.76115954871473e-21,5.25580325412743e-16,4.63143880835305e-21,1.38941096309059e-21,7.09218167092348e-30
"Tanzania_6593",0.000764071232009518,8.71524756558705e-24,3.28463991370955e-32,1.02764580019031e-32,1.08357819663117e-25,6.74290816634241e-30,0.999235928767968,1.81913339472756e-20,2.29116614714243e-14,1.25800568718588e-26,4.12440469407091e-23,1.50696543972252e-26,1.52304652482226e-28,1.12239454425746e-35
"Nepal_7074",5.78987218134628e-14,1.49452704369125e-16,2.25854444809766e-21,4.5967740554833e-19,1.64549234157886e-09,1.90285605089639e-11,1.67785839734013e-19,0.999848466388688,0.000151530336328968,1.34682189026214e-12,1.55868962990657e-09,1.89445563744317e-11,3.14229827405326e-11,5.69720014880267e-23
"Nepal_7076",4.05854763540046e-16,1.52799476730291e-13,5.58008087165117e-20,2.33842195850343e-21,8.99560452713836e-21,7.78082705668593e-22,7.54936834767038e-20,0.999684171308284,0.000315825168422641,3.94780742209278e-13,3.45127902920485e-09,6.24312053268744e-11,9.03540596541884e-12,1.05487828012172e-21
"Nepal_7077",6.68577081404724e-07,1.00954416691111e-14,1.76205401410726e-21,1.69372217505266e-26,6.69111030625784e-19,5.51480515103882e-22,2.00794935306565e-07,0.979469534811592,0.0205295945572134,1.19498007925567e-14,1.25610062985241e-09,3.05252800083382e-12,2.89738482150108e-15,6.761567988596e-22
"Nepal_7078",2.29837773009007e-11,3.24875706940636e-13,2.05643986448097e-18,4.93922541114619e-14,3.23429932516893e-08,1.72789308909474e-09,9.8589014310587e-13,0.770707442353224,0.229290948789596,4.54411330993582e-13,1.57439275700742e-06,2.46490066653607e-10,1.22246335982215e-10,1.60459934358939e-15
"Bangladesh_6661",1.90001123698438e-17,6.58106832636128e-10,4.7847888953635e-16,9.53277328565625e-14,4.34392116396207e-12,4.82176353023055e-14,3.02691438508728e-15,0.000226067433781568,0.999713662343313,9.79169518867088e-08,6.00119117495676e-05,5.23287509198692e-08,1.07402854795366e-07,3.92286248727464e-22
"Bangladesh_6669",9.50573302804848e-14,2.58308068577702e-06,9.94895714841954e-09,7.94191762898582e-12,2.00807971176677e-12,5.3530619625697e-13,8.5774210379186e-13,0.0193398942002981,0.961260741091669,0.000209610528724494,0.0191688484706206,1.2407099223884e-05,5.90556837864743e-06,4.42512599612123e-15
"Bangladesh_6699",8.16648535156729e-06,2.15942428357929e-16,8.09330039659636e-23,2.22026913632584e-18,8.02453587033677e-14,4.79984451872283e-14,8.69852828296725e-09,6.22428479568931e-06,0.999985600380662,1.37878649662781e-16,1.50507026261171e-10,1.33550487562322e-14,1.35957530650352e-14,8.88192149333578e-28
"Bangladesh_6705",5.31555844645684e-12,4.7580312278753e-10,3.18152856934803e-14,6.31102402748461e-10,1.8716554680162e-07,3.45016215643851e-09,1.81951333491757e-12,0.0527194592124447,0.947194914374705,1.76302052536262e-09,8.42715264338545e-05,9.77816115110125e-07,1.83577499614997e-07,3.04162589836728e-19
"Bangladesh_6711",8.68655886775303e-11,7.45057985596648e-12,7.96194728770816e-17,7.67643796030253e-17,7.80220456886397e-13,2.78106581222448e-14,4.60248597622189e-09,7.17423416844144e-07,0.999999235219381,7.23313420072809e-11,4.25807775222227e-08,3.18377627364661e-12,3.29955658391429e-12,2.98785548000977e-26
"Bangladesh_6727",8.4359398662526e-13,1.39416432143748e-12,5.51503375304087e-19,1.29854530066662e-19,9.27559771397415e-13,7.6076473900649e-14,2.25560178380425e-10,6.92736415160152e-07,0.999999306190895,4.1882754163316e-16,8.43842469124996e-10,2.66193221064409e-14,1.85310980179673e-14,5.08176792530303e-21
"Bangladesh_6733",2.53349170246239e-10,3.25333577365291e-07,9.12497711822955e-10,8.20194777104708e-12,5.78254270024959e-14,1.93760692309831e-14,1.79973150604491e-05,4.57290329849651e-11,0.997786388831589,7.56676297296969e-06,0.00218420065640053,1.14374381383504e-08,3.50844310658713e-06,2.43733530673981e-16
"Bangladesh_6740",1.49761440349336e-07,2.96088052733674e-13,1.6620424110684e-18,2.85616153190477e-18,2.48339183566722e-13,2.16096709168558e-16,1.23009029054915e-08,0.00652951585170849,0.993470320997155,1.62802763259397e-12,9.89517076291938e-10,9.64926311569148e-11,6.10705033622947e-13,1.39068128476307e-24
"Bangladesh_6749",8.21809499466686e-11,6.95790770369684e-09,2.66247703142203e-14,3.2279466959733e-14,2.27901836895259e-10,1.76232186514919e-10,1.60978898397599e-11,0.00086277145909664,0.996533798751385,2.07151782758293e-07,0.002602731362583,1.9100536176403e-08,4.64714120313616e-07,1.16345878060858e-13
"Bangladesh_6759",9.771463128114e-15,7.88272064002069e-11,2.9603534494854e-17,5.52955035850471e-16,2.28280679198014e-12,3.13472225656764e-13,3.10245913871488e-12,1.93144265604485e-06,0.999997870947024,3.44672195655155e-12,1.9730325928244e-07,1.21645343818554e-11,2.06913080066064e-10,1.50350679018586e-22
"Bangladesh_6769",3.24413578317258e-11,4.01872445633988e-13,5.43776048726404e-17,1.0426883196785e-16,1.19554704317463e-12,4.70115035705689e-13,4.27583555487119e-11,2.51951069890447e-05,0.999974801100629,2.20519019749018e-14,3.71056277256375e-09,2.07928649012351e-12,2.45048832038099e-12,3.63805910792362e-22
"Bangladesh_6775",7.09584888562744e-14,6.65245964732704e-12,1.34726018915851e-16,8.71946273783791e-16,2.34315491123006e-08,5.64006680749594e-11,1.54891124032234e-15,0.606108713957145,0.393875358157464,2.04700350511096e-10,1.57982801745965e-05,4.40640210336509e-08,6.18418187695465e-08,6.1293706880043e-18
"Bangladesh_6778",9.13816546105649e-15,3.214575935452e-10,5.91568301784611e-14,8.00957891169695e-15,1.40917061800798e-13,4.04001272285533e-14,4.06014747897094e-12,3.66217221056015e-05,0.99994867185658,1.50995115765526e-10,1.47045605373694e-05,6.33672852222187e-10,7.50333366947656e-10,1.89397805740622e-16
"Bangladesh_6792",1.56621484989706e-14,2.65501336891562e-12,9.10520163302402e-19,8.33425202451899e-12,8.88132974438872e-14,5.79114581741523e-14,2.94350814172545e-13,4.69450385423597e-06,0.999992979649037,9.98740204521193e-10,2.32180650760296e-06,1.51261894819429e-11,3.01528864012787e-09,1.73578292743907e-23
"Bangladesh_6799",4.23374415874009e-14,5.02647563503779e-09,1.98670243037367e-11,4.25229662028912e-10,4.60924541117055e-13,1.3654988340235e-13,7.52158016580196e-10,9.30152025171753e-07,0.999903951021341,9.4747584898054e-09,9.50616480194632e-05,6.9544300335525e-09,3.45250556900416e-08,4.41953820157451e-16
"Bangladesh_6814",0.014438879135413,1.39311021385372e-12,2.91620971294701e-22,3.94178460210725e-18,6.57000554604588e-10,3.81177024952406e-11,0.00282690791401016,0.000138395538288201,0.982595670383581,2.57603279321829e-13,1.46293338665745e-07,1.26793513531052e-11,2.59207641918899e-11,7.20631424035232e-23
"Bangladesh_6816",3.89157422063946e-11,1.36624642238076e-12,1.31390323710679e-14,9.79123705289408e-17,3.82626854212725e-11,1.6327712403353e-12,3.02167602155515e-12,0.000899368858840556,0.999099201284426,1.26575158356894e-12,1.42812485735156e-06,6.29444325528244e-11,1.58445338732776e-09,2.41140141391114e-18
"Bangladesh_6824",2.55215254266979e-10,1.90701971670425e-10,7.33599282639083e-11,2.98636717655074e-14,9.72441577580035e-11,6.94810499706921e-12,3.28299517723629e-11,0.0130553132981206,0.986937131574973,8.0500320098387e-13,7.54926720147333e-06,3.78103495603596e-10,4.824464060921e-09,3.50615615934205e-15
"Bangladesh_6834",6.05683559076913e-10,4.50268198503537e-12,3.27051348728668e-14,8.29439189070922e-18,5.55191300416471e-18,1.13186862192743e-18,3.7237450263626e-09,0.000217813689495361,0.999781803496857,1.84048804020876e-11,3.78310245572278e-07,1.05197563113683e-10,4.5835603536118e-11,1.00580159486308e-21
"Bangladesh_6845",3.7278926748196e-08,9.01988414275734e-08,7.36456818299243e-13,2.21154079060678e-09,5.95533719298556e-06,7.59928408700619e-09,0.000704409943943771,1.34109966752311e-06,0.997756696092175,3.8459300965337e-08,0.00153085072956556,4.65027689584802e-07,1.06021132816856e-07,2.26857878790218e-15
"Bangladesh_6868",6.96248682635197e-11,6.84086952357411e-09,5.19281154045896e-18,8.01164609794636e-15,2.67248794339334e-07,3.34407616936312e-07,1.85039658877952e-08,1.23493211359599e-05,0.998811319106424,3.8675052466721e-08,0.00117540524354635,1.88904853136923e-08,2.4169247698371e-07,1.25286911023304e-17
"Bangladesh_6881",3.02444343397193e-11,5.20776784139505e-07,1.62039782875642e-10,5.83488768319473e-08,1.70170671180853e-07,1.18460632348447e-07,3.5686587730564e-09,1.81471397026471e-05,0.972295737721822,3.31354860107932e-07,0.0276689517942286,1.26509974666955e-05,3.30947363344016e-06,3.79186531547654e-13
"Bangladesh_6902",1.45248121261737e-16,2.83543915787249e-09,6.67490261453759e-16,7.7617643643264e-10,2.23800912687668e-10,1.10602432781712e-09,2.44199174208089e-14,3.47620116090529e-08,0.999988192322806,5.51815974336775e-10,1.17501719151279e-05,2.18232660283593e-09,1.5067658914378e-08,2.02459352145842e-21
"Bangladesh_6908",3.11196593727709e-11,4.10638047381726e-10,6.59579493757679e-15,2.66151961611067e-15,9.16563703669697e-15,8.17199749984636e-17,9.66021289966038e-12,0.0107587497996645,0.989241200150951,1.60725975745723e-11,4.91221160946358e-08,3.22546756658208e-10,1.37212099434794e-10,9.05444237175202e-18
"Bangladesh_6914",6.82845747849975e-12,9.17364863794569e-07,5.14410424342701e-13,3.35906240661503e-14,1.11507111309822e-11,1.24025285511601e-14,1.74745393135111e-09,0.0245117361043845,0.964741899203029,0.00214850789527823,0.00764294284009173,0.000944454956618896,9.53986974041437e-06,5.42325893733852e-19
"Bangladesh_6926",1.28954312208481e-12,9.8145608407726e-10,7.67803261507853e-16,7.80079460682123e-11,5.92227519348457e-09,2.52967931952573e-09,4.2682085999314e-09,0.000290376134203806,0.999331401290625,1.86245532990673e-07,0.000377990516058256,2.85057764274446e-08,3.52688601970126e-09,1.77908944356224e-17
"Bangladesh_6935",1.02980047872039e-13,7.53254403484632e-05,0.000299146504715377,1.22690581224118e-09,2.06916777121059e-13,1.58403907809252e-13,8.12091372698055e-12,5.42504096513808e-05,0.943298445056551,1.60616469118177e-05,0.0552968195189948,0.000802515111388841,0.000157435074663716,1.28002076838899e-12
"Bangladesh_6941",2.08092123025711e-15,7.07274222656734e-11,7.11175478051867e-15,3.03087709789995e-15,1.79859743131208e-13,1.63249999226877e-13,2.17691928818965e-13,3.79466823600709e-07,0.999999562084065,3.85329076219857e-11,5.83314128673183e-08,1.83010994530797e-13,7.68194651072555e-12,8.31748837178123e-24
"Bangladesh_6946",1.38130724466055e-14,2.71768211568702e-10,5.02898943651351e-15,6.46328603623304e-16,2.97104339254567e-13,1.78066483341388e-13,2.16081449765262e-11,7.05547983776958e-08,0.999999517853265,3.41427351012201e-12,4.11169099102009e-07,7.21139028584562e-11,5.34383362688515e-11,3.69685406996957e-19
"Bangladesh_6960",4.26972829185269e-19,1.84313180594223e-11,2.43813673478534e-18,9.26846411541492e-14,2.37449291800414e-16,1.01164905522088e-16,2.91287716020514e-18,0.0111298055024093,0.98886775580121,6.799064464506e-08,2.3652614673272e-06,4.34547805851176e-10,4.99119685343341e-09,1.94061282303816e-20
"Bangladesh_6961",1.73948132724359e-16,2.02019162684466e-12,7.34843994046627e-19,1.71321710663011e-13,2.47295535622373e-13,2.50328124183266e-13,1.98193011114351e-16,0.00453436407442403,0.995444977188689,5.46276571944305e-10,2.06521316005265e-05,6.44597523198115e-10,5.41172268797002e-09,2.42007005280298e-20
"Bangladesh_6970",4.83298364502255e-13,2.61297110870581e-10,1.21427805809718e-11,6.68277024524405e-08,4.81963899081633e-08,5.31538578003741e-09,3.31346381863011e-09,2.68880204643193e-08,0.999981877250542,1.30813877512812e-08,1.79431152574765e-05,4.10042405783038e-09,1.16375028927709e-08,2.72948265772875e-18
"Bangladesh_6984",8.66328433424791e-16,1.37986869371733e-08,6.76013729026086e-13,4.83234581291538e-11,6.3494648531451e-08,4.60181088909038e-08,5.08179190956814e-14,8.57110642330111e-06,0.999885135756761,1.84243514058456e-11,0.000106131105320566,1.67093741139746e-08,2.19432012097584e-08,4.01395754575504e-16
"Bangladesh_6988",7.60851625825276e-13,9.48325154664519e-13,1.07183990177054e-15,1.35273942677471e-15,3.66431211120927e-11,2.15126577265068e-11,3.11540677081523e-13,5.74985389590167e-06,0.999994210185088,6.18358491972094e-13,3.9556967124584e-08,9.00920539729265e-12,3.3424299077075e-10,1.16013369968196e-20
"Bangladesh_6999",7.29558605914813e-14,1.15948498275248e-10,5.00287314732053e-14,1.02862899056781e-09,1.38269790731246e-12,3.38817353297197e-13,4.16304084877772e-13,5.28887317730009e-08,0.999992291164327,3.90074090081353e-09,7.39358081334209e-06,2.2989278995598e-08,2.34329269757969e-07,1.66436476146614e-21
"Bangladesh_7006",2.49106521392794e-14,4.33811594839589e-12,9.72964781303676e-18,5.46352246200388e-20,4.45858210144195e-13,1.40788192040949e-14,1.86444487218965e-14,0.0121658848491072,0.987831281194426,1.01159845843512e-10,2.83196288786229e-06,4.09649970483642e-10,1.47792690695567e-09,1.09814218424979e-17
"Bangladesh_7112",2.963682141366e-10,1.61183654030751e-10,1.43705833149253e-13,5.06674023345822e-14,4.28294889321157e-12,1.98420177576672e-12,4.51056195144129e-10,1.63087571108164e-05,0.999980735655102,2.12162719507285e-12,2.94500365044395e-06,2.21054962229347e-09,7.45639570225315e-09,3.03264535237542e-20
"Bangladesh_7114",3.48758495212235e-12,2.69184918970107e-09,3.20055768312048e-13,1.5091211030131e-14,1.36673930974982e-09,1.32409247029998e-09,3.42106454996353e-12,1.19907235894722e-05,0.999987912130932,4.58764012131169e-12,9.1623644208279e-08,1.34639515028108e-12,1.2597493264227e-10,1.30761444283941e-20
"Bangladesh_7127",1.49482268759906e-07,4.94719295380351e-10,1.89043554633358e-15,3.29553282255292e-07,0.000197651264138419,3.90177404297656e-05,4.5577124160668e-08,0.000944659212668551,0.99880882486993,2.18548587492669e-08,9.27759172476896e-06,1.6238723232545e-08,6.12013034647654e-09,4.41056670130716e-20
"Laos_Luang_Nam_Tha_6371",1.22014583282152e-24,0.0190299179535798,0.165261055283988,2.474904388972e-09,2.51136521349609e-10,6.81239394701764e-11,3.08118212855188e-19,5.9302151695127e-16,5.37828699266158e-10,0.813586883826451,0.0011295939768478,1.36251772335317e-05,0.000978916796201845,3.65370351270551e-09
"Laos_Luang_Nam_Tha_6374",1.29969083852621e-22,0.0204061892965098,2.57170242450647e-10,5.22429163906134e-11,6.13547123993125e-17,3.91974110644455e-18,1.08951666343985e-16,1.38228981146181e-15,2.59335369460081e-07,0.978005622577276,0.0014665918470723,8.54859319401879e-06,0.000112788041163586,1.53547390481886e-16
"Laos_Luang_Nam_Tha_6375",1.12270367908617e-26,0.000796974212229899,1.38712767584373e-09,6.78236212601452e-09,1.31367491170901e-13,2.38396308838563e-14,1.65952978871789e-20,5.9823203918971e-15,5.58442228486582e-09,0.999172128915248,2.54754797335939e-05,1.56357340598503e-06,3.84406530901616e-06,4.17316831962896e-19
"Laos_Luang_Nam_Tha_6376",2.43983386093532e-29,2.42402514138675e-06,2.14767752010095e-13,8.22867525102936e-09,9.42858625453816e-18,1.01819056916394e-18,5.20409720586445e-23,4.99456566027163e-13,1.15614691120515e-08,0.893537777490782,0.0187099748968096,0.00707553173503262,0.0806742720613755,1.00867156156081e-18
"Laos_Luang_Nam_Tha_6377",3.40625016837256e-24,0.0488891080420391,4.84514314359791e-08,1.61691058157037e-08,4.5639233116224e-15,1.58559800406564e-17,7.69014508686158e-18,1.53773379098609e-14,5.08832942393762e-08,0.00785961643860973,0.372901526816821,0.0568141653388854,0.513535467847322,1.24716344760982e-11
"Laos_Luang_Nam_Tha_6378",3.84928813723501e-31,7.9887081194703e-07,6.22646927146314e-12,1.3637657322591e-08,8.61263260094433e-16,1.53458335163086e-16,5.93728942804126e-28,2.05301742762967e-13,4.12885253510105e-11,0.829244592802215,0.0163033250902462,0.104744011522086,0.0497072580292605,1.29082745551759e-15
"Laos_Luang_Nam_Tha_6379",2.67488127308431e-20,0.0117376709188239,0.00080921487315323,9.29574071859191e-07,3.05914431490798e-09,7.51859159470142e-09,1.8572952939964e-14,1.59451792713604e-12,8.23091167491058e-08,0.492912431853112,0.492275931717961,4.59154353721845e-05,0.00221781262448998,1.14549951835777e-10
"Laos_Luang_Nam_Tha_6380",9.458323554438e-27,2.88790888854978e-07,1.00870521238881e-11,9.77261861125672e-09,9.3606161411336e-21,8.24216879498387e-21,4.799852222045e-20,3.62180330368642e-16,1.16725320016804e-10,0.92856261128862,0.0630964983093041,0.0070760900430665,0.001264501668653,3.58709680207487e-14
"Laos_Luang_Nam_Tha_6381",1.0460818551036e-22,7.66508171396824e-06,4.3757778689279e-15,4.10377079970299e-19,1.98789702682465e-15,9.97437119654362e-19,9.24511172868527e-20,7.83316521807318e-13,8.36715970757916e-10,0.989982716193486,0.000256865687519459,0.00297809779290087,0.00677465440687405,5.5430841786262e-21
"Thailand_Chiang_Mai_6390",3.46198030300454e-15,0.0216110522795882,1.78305557842068e-11,9.37530217800992e-13,9.14309431845555e-15,4.33252330735354e-15,4.01530477557249e-12,3.66388458338367e-10,6.81321178825905e-06,0.170742009845981,0.751295979390505,0.000183785487650447,0.0561603593937366,1.56273658237691e-12
"Thailand_Chiang_Mai_6392",2.42008588479329e-16,0.000346031204480276,1.28116967213935e-09,1.60581227678522e-06,5.7669349659887e-07,2.10064907321988e-07,1.05622730777007e-12,7.7812310105853e-11,0.025232806852536,0.00701558066201924,0.930874297668769,9.67895421245656e-05,0.0364321001393421,9.55162226435408e-15
"Thailand_Chiang_Mai_6393",4.26339327821947e-21,0.000386576184035485,0.0492803136019433,5.48464060535682e-11,2.25323252935748e-13,1.34249403285697e-14,1.90040203589785e-17,4.10396826984296e-09,1.40314425160849e-06,0.003348637853338,0.859748924556641,0.0860211379666452,0.0012129335388748,6.89952172937881e-08
"Thailand_Chiang_Mai_6394",2.97209189888903e-12,3.77791463656084e-06,4.35196335076294e-09,0.042410797754203,4.03225371341366e-07,4.04181159562808e-09,7.9827725652834e-09,4.19235934940355e-05,0.43647201380529,0.0105255262981238,0.474448056671402,0.0356418547943222,0.000455629563264561,3.72616826229256e-13
"Thailand_Chiang_Mai_6395",7.80559661511756e-23,0.000169031615876773,2.03351885255624e-06,4.38170122370635e-05,1.69361013749008e-10,1.47155434748288e-10,6.53755084817945e-17,4.61160385481558e-09,6.80185436744931e-05,0.149431550196629,0.831079023349012,0.000156286910056731,0.0190502339221194,3.42091125587649e-12
"Thailand_Chiang_Mai_6396",2.11390154322152e-24,2.2819472504887e-05,2.91161851993401e-07,1.25977761607524e-09,4.10204078821711e-12,2.71053210163859e-14,1.24007704454764e-18,4.83251844671249e-09,7.5045534683972e-05,0.00240588708883765,0.958140614386851,0.00125355622889909,0.0381017567963132,2.32336331601867e-08
"Thailand_Chiang_Mai_6397",5.65311193894692e-21,2.73649322136176e-09,6.44975337651577e-13,1.71639775661563e-14,3.65309854201689e-08,1.83022850403068e-09,7.68593232668587e-19,0.000175921995904093,0.0295370640308997,1.15199766923934e-05,0.970164332226171,8.18040694438441e-05,2.93037577834964e-05,1.28447362413497e-08
"Thailand_Chiang_Mai_6398",2.6298446454809e-16,7.31607713394443e-07,9.14129853173928e-08,9.05648160724313e-11,1.93704196814217e-11,1.37414822391822e-12,1.46767427898827e-14,4.33001740427944e-06,0.00342162330251491,0.245919692222676,0.746900742835721,0.00284916491887863,0.000903623570776093,6.43939839903532e-15
"Thailand_Chiang_Mai_6399",7.90922522878285e-19,0.00119194854279342,2.877809115305e-08,1.03366253715419e-09,1.07749456839215e-09,2.30382424673861e-10,2.77696067151981e-15,1.69642719902918e-07,0.00775688351710765,0.000574431387542524,0.893576385821284,0.0508910430110107,0.0460091069579078,5.50343647264862e-16
"Thailand_Chiang_Mai_6400",7.0162462804129e-24,7.57663184060075e-07,4.92765602944726e-12,5.95049400071071e-11,1.0696982618856e-13,4.90625698055124e-14,1.70719696987514e-18,1.22780798899748e-09,1.02040216684498e-05,0.00504020523445625,0.994053040762571,0.000854680482228791,4.11102602151438e-05,2.83279709686855e-10
"Malaysia_Kedah_6426",2.8883237201332e-16,0.00134620959121034,1.01890099294449e-07,4.52508876453587e-07,4.1444075308633e-06,1.09487707986957e-07,5.22372753754442e-12,5.70916901237495e-08,7.31102005905844e-05,4.39307708653528e-05,0.968162714337765,0.0213714540707011,0.0089973338055689,3.81832169788375e-07
"Thailand_6681",2.93924046974767e-21,1.70497208484299e-07,1.07620091300948e-10,1.7134686387978e-07,1.56756661771204e-05,4.37541956754294e-06,6.98645950537695e-18,5.24555970091909e-11,6.40170540111029e-08,0.00155201225680171,0.988504363173843,0.0072127439724575,0.0027104133442709,1.01456800141362e-08
"Thailand_7080",1.54845860441685e-21,0.00262072733458373,2.7643484540676e-09,1.52113446796904e-09,5.07063090784936e-11,8.05412776713106e-13,2.94133936565129e-16,2.31052339784708e-13,7.56449971128589e-06,0.00579751115710979,0.593092379012543,0.243667175641773,0.154814638016863,1.90202067825937e-13
"Thailand_7081",7.70638092545171e-27,2.81778271216765e-07,1.83238211474745e-13,6.52928878287736e-10,8.12690972485269e-16,4.48228392684141e-15,6.22692523433311e-22,2.46939156404556e-10,1.52943569329916e-06,5.58255089897092e-05,0.956078219993412,0.000293565095571737,0.0435705771524645,1.35540850924698e-10
"Thailand_7082",2.33392953587598e-17,1.54521810084151e-05,5.52124507360186e-13,1.18452357715206e-12,1.50564556242634e-13,5.97407042568147e-16,5.72256615004466e-14,6.80634145882723e-08,9.56390679883144e-06,0.000332698259849567,0.94766325032684,0.0498033584809722,0.00217546910275705,1.39676413989638e-07
"Thailand_7083",3.17455005388573e-20,0.0106762442807913,2.33669868347835e-07,1.33499422075554e-05,5.50381753001245e-11,8.24411996527318e-11,1.45135702670856e-13,5.28074484586502e-16,4.63580103638939e-08,0.0305029705736483,0.863874309829903,0.00184008793920275,0.0930927570558449,2.12898179949306e-10
"Thailand_7084",1.76285640687433e-27,1.11632495109297e-06,1.57378254254052e-09,2.7244030784747e-10,2.07110178348311e-15,1.07284577678965e-15,1.34689101058283e-22,8.29010434511358e-16,1.44850284381741e-07,3.9408453246764e-05,0.00301102325901782,3.600792808829e-05,0.996912297338115,7.01293938828259e-14
"Thailand_7085",1.32384422991356e-25,8.55021775316852e-07,6.78925350587892e-08,2.03648001680706e-15,4.96817192550994e-22,3.2283170746532e-22,2.44490134597217e-21,1.54080865104684e-11,4.47510791386776e-08,4.52811775773308e-06,0.271411673672934,0.000670206125319637,0.00340595508527106,0.724506669317918
"Thailand_7086",1.29427724121426e-27,0.387869982339258,1.17662580804319e-06,1.30575783723804e-06,3.04042308070818e-11,6.91992848154514e-12,8.02737145744211e-21,2.91366775974848e-14,8.79833558578446e-10,0.00957179476455397,0.592945298881454,0.000378217799937234,0.00533330170551504,0.00389892120844956
"Thailand_7087",3.29947006606471e-24,4.90327620201339e-07,2.05515876930859e-13,2.6242504215821e-09,8.14016488963538e-14,1.71831492002311e-14,1.60971114254686e-19,3.55551641506243e-16,1.12184507588912e-08,0.000272546785644761,0.0429717652376904,0.00203242809711951,0.954722755456405,2.52513993648565e-10
"Thailand_7088",4.49155447974699e-20,3.47865621326007e-05,6.51305139273165e-09,5.55797051408652e-10,4.65393973614331e-15,3.29061976388631e-15,1.90611964767596e-15,2.75324799433296e-13,1.11230501048273e-06,2.67536090487135e-05,0.833959903804579,0.110590840376942,0.0553865912647702,5.00838304375221e-09
"Cambodia_Krong_Koh_Kong_6382",1.50542382678292e-23,2.0640309169259e-06,3.24986296362055e-09,3.28993863551545e-11,1.56332509024065e-18,3.18493375498735e-21,1.21056211905434e-19,8.02693986671884e-15,2.79973065023255e-10,0.00820443997608481,0.0171561362447336,0.85736826864368,0.117269087541824,1.75272933890336e-14
"Cambodia_Krong_Koh_Kong_6383",5.40667620167132e-19,0.00199417786218413,2.10172815781833e-08,1.09929201867899e-06,1.39252182979965e-08,7.40505886308657e-10,3.47375538163017e-14,8.74984480061447e-08,0.0956629720613997,6.0476201752585e-06,0.804451962368949,0.0320058555508076,0.0658777612375403,8.25437006609235e-10
"Cambodia_Krong_Koh_Kong_6384",3.84918642270768e-21,8.91327315779791e-05,8.7443415218885e-11,1.81240133284124e-16,8.92099303692721e-15,8.6150208977163e-18,1.88795078973129e-20,3.66587476237255e-11,4.59979353061027e-11,0.0111477478525614,0.00312691802756527,0.37367436325058,0.611961837967542,6.41285698741056e-14
"Cambodia_Krong_Koh_Kong_6385",3.88422113953399e-28,1.66062346355432e-06,2.6364445064302e-12,9.55271983581388e-11,9.72031446219212e-17,1.36027671362232e-17,1.12695887486134e-22,4.2850845403119e-13,2.18563790824336e-09,0.0194751750228614,0.0662031568051269,0.912282775446347,0.00203722981783017,1.40805079163769e-13
"Vietnam_7063",1.49629578890191e-26,7.5622692144166e-07,2.9271403321885e-13,2.10822386903121e-06,3.12956983335305e-11,8.68820907953616e-13,8.75666226249116e-24,1.19026157621147e-09,4.38650288472803e-08,0.00208787557996855,0.714313512120079,0.162645543341928,0.120950159414572,4.91471186484641e-12
"Vietnam_7064",1.0692508545548e-31,2.04880214088798e-05,2.96902751468271e-15,3.02685548640757e-16,9.59003509813721e-24,3.69999540931924e-26,1.30070939254658e-25,2.85780183436839e-22,1.18417311005741e-17,0.000582662273247414,0.000238233394992148,0.0238865567131977,0.975272059596923,2.2755895042909e-13
"Vietnam_7065",6.74922105054968e-27,1.27900863192749e-07,1.83714118405718e-10,1.16160660577744e-19,1.4043572794629e-21,7.02345953665822e-24,2.82733358883057e-23,2.62768020281416e-17,9.92003289817693e-12,2.25070884496585e-07,6.91371743980067e-05,4.14377646644719e-06,0.999926365845102,3.86515395323879e-11
"Vietnam_7066",1.88001274374028e-25,1.65615224431593e-05,1.47861025606997e-10,5.00373821668523e-12,5.65680770446855e-15,2.39705269566712e-18,8.19337036587942e-21,5.35004162673221e-16,2.61874577408678e-10,0.00561109043680518,0.0034878437275145,0.894515988833424,0.096368515065068,1.1931189281851e-20
"Vietnam_7067",1.04345904661e-25,9.1577759107549e-05,3.09867952276686e-10,2.92551097276948e-15,6.61232609517905e-18,2.39120675225372e-20,2.19268310093577e-22,4.1495504061183e-15,2.02618373206371e-10,0.000779825793808435,0.000508590891821647,0.000659296537154862,0.997960708505613,1.07006731536555e-15
"Vietnam_7068",1.01285577056539e-34,0.000484251035235932,8.105027761745e-08,9.03567705469878e-14,1.90866855062102e-17,1.12367417750187e-18,1.22312712230063e-28,1.81392962651735e-19,3.78436835212791e-14,0.11542560174741,0.0275924084581585,0.188123089618874,0.668374417759373,1.50330542293185e-07
"Vietnam_7069",4.18691981120611e-28,5.54994512730215e-07,6.83964295275067e-12,1.613038752601e-11,1.10344950781982e-19,1.67174148738695e-19,2.86820420952351e-22,4.74376619703401e-19,1.37519789622678e-12,1.69662160288888e-05,0.0116141763134988,0.000419656526053641,0.987948645924399,1.16172136700043e-12
"Vietnam_7070",1.30154462504349e-18,5.94632357487383e-05,1.51104210532304e-11,1.65515936641183e-11,6.71573941479796e-14,8.28302905315029e-14,2.49282124896344e-20,9.18903912907591e-06,0.000721141572646289,0.000103773894372899,0.0201321623407792,0.000571720102095151,0.978402549783379,3.7283249986601e-14
"Vietnam_7071",2.71687793007597e-22,3.09089616783476e-05,6.37338600427077e-08,2.83440738712793e-10,4.1635908775518e-16,4.41855304845516e-17,2.26653052080949e-22,3.25114698767672e-09,4.02339490421459e-06,4.02193871041225e-06,0.000477949270517055,0.079860827837964,0.919622201327778,4.55841783905052e-19
"Vietnam_Cat_Tien_7176",1.20215833250591e-21,8.472146422129e-06,3.73636229229814e-10,1.03220838352243e-06,4.3054619937987e-12,1.69930460077146e-12,4.00766739122977e-17,8.08441716223146e-15,3.63283794615147e-09,0.0529794146644774,0.149804574531826,0.000407263128298205,0.796799239304537,3.56875652248708e-12
"Vietnam_Cat_Tien_7178",5.28005669786392e-25,0.000409536274646807,0.00017108624314096,3.39444358425783e-06,1.80591406706084e-15,1.55602801270013e-15,5.18436877495801e-20,8.10699217537528e-09,0.0389452328059583,0.0249415194610899,0.752877103250486,0.00404676517741375,0.178605354232248,4.43635406978954e-12
"Vietnam_Cat_Tien_7179",4.553455436766e-24,0.000926286442435725,3.87773318611997e-08,1.08525643524405e-07,1.86660476184941e-18,1.17126327592815e-18,7.67360331155876e-18,1.15138934821839e-14,1.33702939217231e-07,0.308000934011829,0.179570896236169,0.0054611362583008,0.506040466033445,1.18948229830168e-11
"Vietnam_Cat_Tien_7182",2.73208479155852e-18,7.97309634223118e-05,0.000424763766239768,1.83136668712205e-05,9.67551118539316e-08,3.69378443544689e-08,9.02155378234621e-15,5.18049491831792e-08,0.0833377780362784,0.00021124001230856,0.894081852590661,0.00111232857005863,0.0207336027302531,2.04165992525701e-07
"Vietnam_Cat_Tien_7183",1.234279818312e-23,7.15780725402643e-05,1.10292182047822e-14,8.25125543750147e-14,1.37479770748929e-09,1.04286684859544e-10,4.26409024888316e-19,3.2968105903644e-11,1.31924361981875e-06,0.0111684935881573,0.333279192401146,0.245874965435903,0.409604449746483,4.34522615680758e-15
"Philippines_6448",2.24416909082655e-31,3.33374308674174e-16,1.09693144419121e-17,1.54355250250511e-22,1.00587366912638e-21,7.55982922627431e-23,3.12670075080416e-27,1.16590262583121e-16,2.91904014412987e-16,4.29470636657892e-18,3.06674628515662e-10,1.68550145845491e-14,9.7571803508308e-15,0.999999999693298
"Philippines_6449",6.53466491806426e-32,5.96555820906185e-18,2.02812304416041e-20,3.11885801372102e-27,1.84962348824314e-24,5.62893042947704e-26,8.24383345283021e-27,3.02483926378171e-23,2.09403412827863e-21,1.28008170639322e-20,1.74513722105358e-13,8.40517772069381e-18,1.20035044833848e-18,0.999999999999825
"Philippines_6450",2.3850311058117e-36,1.09439615894728e-17,2.06600909022914e-16,3.50267074359756e-28,1.13125144142561e-29,5.54403003006009e-31,3.99012963013722e-31,2.2502512287707e-24,2.91945351450773e-23,1.40144292217279e-21,2.69250030406928e-14,2.59246233464884e-18,8.73966175387143e-18,0.999999999999973
"Philippines_Batanes_Province_7093",1.03111802066208e-38,2.00831666622173e-13,2.12507381744505e-11,4.88317267480758e-18,2.52004400952834e-25,5.8133274668196e-26,1.03411194526578e-30,8.90547925836846e-29,4.86393799354971e-23,2.03328820805824e-14,5.60971551985872e-10,9.49417713822424e-14,6.83084368699688e-12,0.999999999410631
"Philippines_Batanes_Province_7094",4.24230717585924e-23,0.000955237926091633,0.00030830748524783,1.15609212204967e-13,2.43038394530761e-18,1.77223371646531e-18,3.4452962838098e-18,5.79576848606196e-13,1.22095728222074e-08,0.000159240182683862,0.568746910031341,0.000319929076958038,0.006529347111899,0.42298101597551
"Philippines_Batanes_Province_7095",7.53461678262085e-25,2.19355518013926e-08,0.00132863906268303,1.3004661986415e-09,5.18211430561138e-15,5.25587836501804e-15,1.86046696730214e-19,1.74010468586325e-16,1.54078924211363e-12,2.17389658906523e-09,0.000336174332730913,7.43502843623256e-08,8.58293343385417e-08,0.998335001013501
"Philippines_Batanes_Province_7096",1.23985268573271e-30,1.86874284388111e-07,5.23317521753889e-07,6.30086518591084e-14,8.39655952587442e-22,1.0075156642326e-22,5.09709739819275e-24,5.34775136662264e-21,7.80229573313132e-15,8.70443076425829e-11,7.23303147785231e-07,1.42164576928853e-07,2.38666894543303e-08,0.999998400386665
"Philippines_Batanes_Province_7097",3.42411557255531e-43,8.2694742973621e-10,3.29492621189795e-06,6.25413939447438e-18,2.32695920637402e-23,2.7019141020019e-24,4.32241399080021e-35,1.5915879901376e-26,5.22673154223366e-21,4.52083306255405e-14,8.22577213548995e-10,7.18387834440939e-13,4.19810054740785e-11,0.999996703381519
"Philippines_Luzon_7098",4.11524835069991e-40,1.58195490604422e-20,7.14552277445363e-21,6.94516152431764e-28,2.00124883436591e-28,5.12023063225129e-30,2.36294322082055e-34,4.38236933584318e-25,8.45021499580346e-25,8.03050027934721e-24,2.74105135137342e-15,1.97643346824051e-19,2.12524345771873e-20,0.999999999999997
"Philippines_Luzon_7100",2.14321533084017e-31,7.73198404716959e-15,1.68641909353077e-13,6.05340405995075e-23,3.5088851747268e-24,1.41905280419538e-24,8.10665276005588e-28,6.44080790543588e-18,5.99169920506955e-17,6.49798882891966e-15,4.91826475253617e-09,3.09500793664626e-14,4.42359133357203e-13,0.999999995081079
"Philippines_Luzon_7101",3.18161063748325e-32,1.65883893081403e-10,4.09401104674332e-13,6.23607686698659e-20,9.28806793814088e-22,1.14885556861775e-22,7.62976209353386e-26,6.02700320658153e-21,3.51934670528086e-15,2.09221317007355e-12,3.88891988433653e-07,2.46375572953192e-11,2.03461427940755e-09,0.999999608880371
"Philippines_Luzon_7102",2.01768204877606e-34,9.30732219097748e-11,1.31388904308155e-15,5.40337294653898e-19,2.33331774096085e-23,1.34722358452417e-23,1.46697666415227e-28,2.71810230032641e-20,4.32808177277573e-18,1.46354074385824e-12,9.49679392745202e-08,1.29517892847463e-12,1.19044556620956e-10,0.999999904817183
"Philippines_Luzon_7103",1.57174789955469e-34,3.5515012055706e-17,9.14785124904169e-19,3.163949780603e-27,6.28739306525573e-26,1.45182440612014e-27,8.28583691944435e-29,1.17571278987467e-23,4.63540008904626e-21,4.60488915495794e-18,3.04643113372419e-12,2.79829494028774e-18,4.4821702355177e-17,0.999999999996954
"Philippines_Luzon_7104",8.12879353624142e-40,2.54897331501583e-14,5.06797195075819e-15,1.71934649086584e-24,4.70118853799863e-23,1.45878138070509e-24,9.18752701773042e-34,1.41752899860451e-24,3.93597433763345e-22,8.00696922077061e-19,1.04949309574086e-12,5.42080565791384e-17,6.99694966193764e-16,0.999999999998919
"China_Jinghong_6683",4.19798540074915e-21,0.0959124021481395,3.71292631660138e-10,1.54552416488444e-10,5.80558811873795e-17,6.39284629317126e-18,7.84571836993439e-16,9.05958698545165e-13,1.35201109195914e-07,0.898449203741264,0.00102262950494419,0.000584632725229424,0.00403099615256045,8.27054583139676e-16
"China_Nanning_6689",2.64616358902851e-24,0.999563479263627,3.45535814827824e-05,3.23149602849726e-11,2.45420567157109e-14,7.60769284493839e-15,1.15783435459841e-18,9.92457371121548e-14,2.34909216447384e-07,0.000353414290611602,2.23203485495408e-05,1.12584545686858e-07,2.58849895202844e-05,4.32426020688041e-17
"China_Nanning_6690",9.04303810849973e-27,0.996735985709369,0.000454427255835396,7.43791064528578e-08,4.55550191171467e-12,1.12291805533775e-12,6.63275261021933e-19,2.23485881929584e-20,2.93158497206638e-10,0.000318172938422536,0.00208165526463684,8.36315060565105e-06,0.000400186162531771,1.13484065542203e-06
"China_Nanning_6691",2.66782591655038e-26,0.999205255116588,0.000793052920354996,3.15931377490662e-13,1.23059988427162e-19,1.90094029346835e-20,2.46594549195362e-18,1.56966636521886e-19,8.82481865060583e-14,1.40160998689246e-06,1.92934488420631e-07,1.04895870200966e-08,8.69285875422982e-08,3.11691934942436e-15
"China_Nanning_6692",6.39407967954705e-27,0.421800792531009,7.83875732640486e-09,1.41571007337935e-09,5.82878262118743e-12,4.2314942767277e-12,5.29758340966992e-21,8.31967493026333e-12,2.81434770742471e-07,0.552026616508077,0.0145051785574573,0.000171857782034142,0.0114952639137866,1.81409545176681e-14
"China_Nanning_6693",1.46353048840333e-28,0.99998672462607,1.13720936646101e-05,1.39425306164107e-06,1.6506836191855e-17,3.58540331366842e-17,1.35828587608426e-20,2.71848331325786e-18,8.07034091545344e-12,6.377861382176e-08,1.04321640628349e-07,2.70190216536758e-07,7.072866261109e-08,1.04687291153647e-16
"China_Nanning_6694",9.61419004058468e-24,0.0403021057617568,4.70497268013717e-05,5.6250758004409e-06,4.25365159964229e-14,3.35988677630404e-15,3.53616901786687e-16,4.63163056377561e-16,5.46889213696809e-07,0.147736317970643,0.788178492805157,0.0107074935837478,0.0130223239775268,4.42093070155734e-08
"China_Nanning_6695",2.29677676979238e-20,0.999907288662419,3.61701509456542e-06,4.08616919364738e-12,1.11615001476695e-12,5.43560055547274e-14,1.22549149170213e-13,1.26620259785814e-15,7.02262539252612e-11,2.28702212805978e-06,8.4589477975174e-05,1.28149943923276e-07,2.07804600916282e-06,1.15508235841547e-08
"China_Nanning_7174",1.11286303214131e-25,0.998951599150194,2.45703345791344e-06,3.99929939969119e-15,4.55656498728752e-13,1.32981779770799e-15,6.46310330097896e-21,1.1221748088701e-15,3.49201208347544e-11,0.000189665851273126,1.91780331146205e-05,0.000761511111956311,7.55887846217971e-05,4.54280464756872e-20
"China_Nanning_7175",1.02483190115557e-19,0.984559644409415,0.0152061114803245,1.45694702442953e-12,2.56937350032985e-15,5.91065757229324e-16,4.17147738376928e-16,1.16054995180952e-11,1.3113863419973e-07,9.14127826146615e-08,0.000113242955492756,2.14440101049068e-06,0.000118410487571403,2.23701703414058e-07
"Taiwan_6790",7.35308873433409e-29,0.000195671458256768,0.999804322880315,8.8307659324767e-13,2.03464858838741e-16,1.0856685319095e-16,5.83493895059457e-22,1.49646672447715e-19,1.36032460246898e-11,2.21601865334776e-10,5.35737222720996e-09,1.44452545400016e-11,5.35190859693973e-11,3.33158934056342e-15
"Taiwan_7010",1.46673966254925e-27,2.51508261670621e-08,0.999999938557387,1.64037454032548e-14,1.9379412755257e-17,2.53725034799709e-17,3.40649976985055e-22,6.08462979358809e-18,5.06041626394346e-12,2.94820557353355e-11,3.59761207452558e-08,5.91084984064214e-12,3.4130216271554e-11,2.41065921481728e-10
"Taiwan_7012",7.17892182479427e-34,2.81278418260373e-08,0.999999965025449,1.94400565479449e-09,1.16065451758655e-13,7.64363799356281e-14,7.71888491636717e-26,4.48572350611676e-25,1.61799444173346e-16,3.18189011426542e-10,4.47310983511876e-09,1.52985579279385e-12,1.09681285926923e-10,4.71194648013177e-16
"Taiwan_7013",1.33517194436509e-17,0.000183922117554945,0.999793317744997,7.38482258010044e-08,2.00322826398032e-06,8.73510902451386e-07,1.17844084758572e-11,1.96137513844852e-11,2.17849516653275e-06,2.1400816829404e-08,1.75705339218104e-05,1.47187753152484e-08,3.19031889015697e-10,2.40509450799759e-08
"Taiwan_7014",1.42723724379819e-37,6.32060825326652e-09,0.999999993653317,1.18615052293405e-12,4.00714605372756e-20,5.87102376680803e-20,1.41373356206323e-29,7.53951528737658e-26,4.29783257375718e-19,6.18509512335722e-13,4.00714602698839e-12,9.16116275472292e-15,7.20181923670468e-14,2.01819008960918e-11
"Taiwan_7015",3.33899564950875e-37,6.9163104225202e-08,0.999999930831032,5.70002342187533e-12,1.07765481570309e-20,1.20327015789922e-19,7.59849907460931e-30,1.76655037752947e-25,1.63237904117325e-18,8.82824905900433e-14,5.97561973522626e-14,1.83801526870889e-16,1.48136549020948e-14,3.151370289901e-20
"Taiwan_7016",7.50638541269063e-33,2.0340322525509e-06,0.999997959549965,5.15079104698258e-09,9.67326985686394e-13,5.01447680822733e-12,4.62282682938204e-24,1.45714158147208e-23,1.86647149968723e-14,1.82381559888452e-11,1.24084879648946e-09,6.75555275864462e-15,1.89619233883636e-12,6.63258369530568e-16
"Taiwan_7017",1.70479016263402e-34,4.1634225216059e-06,0.999995832192005,3.27795546021854e-18,1.30390935499914e-21,9.3980197817023e-23,2.00143810952308e-27,9.74299863840373e-25,2.20619234717181e-18,3.78925520265994e-09,2.65737172511104e-10,2.11072369328354e-11,2.62238616293316e-11,2.83149696095382e-10
"Taiwan_7020",1.2186218118226e-28,0.763517883852094,0.236481787389897,2.34649663548645e-14,1.6593673075329e-17,1.71511998442385e-18,8.66270310197271e-22,7.5335637367981e-21,3.85946267291504e-12,1.16848384113949e-07,9.41202399652406e-08,3.58919647835381e-08,8.18934739879515e-08,6.34793597156075e-14
"Taiwan_7022",1.9813837068332e-33,5.63495498098175e-08,0.999999943645579,1.75301547821894e-13,1.12499191382442e-22,3.6043072812941e-22,8.65522264584742e-26,5.3154397097023e-23,7.58880343426103e-16,1.33925066681495e-12,3.34904658828533e-12,1.27786048194561e-15,2.81552557280038e-15,3.13531506065617e-15
"Taiwan_7025",8.24953857448802e-34,2.98587766681542e-09,0.999999996426797,1.23373222340379e-13,4.88010685211595e-21,2.36354512130099e-21,2.37515010677311e-27,4.82024712966625e-22,1.67402756517305e-15,2.75694437685875e-12,5.03823745444855e-10,1.97687829247732e-12,4.75318390170485e-12,7.38894233427676e-11
"Taiwan_7027",5.33248651816032e-40,4.95645513561486e-06,0.999995043442112,1.10950770661603e-12,1.30474034488925e-23,1.95082782922079e-23,7.45412581401263e-32,1.2174348880748e-27,5.10515095907623e-20,9.81472184606868e-11,1.90551053114145e-12,8.53597000509063e-14,1.50471925636914e-12,4.39475051302113e-16
"Taiwan_7028",7.62438302080056e-37,1.76082034661862e-08,0.999999982375713,1.4153883767172e-11,7.33848917551425e-19,3.59015761272192e-18,3.7371381564925e-30,5.16924481805949e-24,1.46255187005282e-17,1.47016646582084e-12,2.5888677890481e-13,1.45505079852076e-14,1.85774693853925e-13,6.77609691276594e-20
"Taiwan_7031",8.35606227137969e-25,0.0197752160935769,0.980221110966605,2.91432685553772e-12,4.73914282753016e-23,1.54474612183015e-23,1.1839777395047e-18,7.11195407210947e-17,4.32577172996275e-11,1.86569811786794e-08,2.83667410434265e-06,2.55916782811032e-07,5.6068325690202e-07,9.62520644653422e-10
"Taiwan_7033",5.03239923636579e-29,0.00030552642699758,0.999692864305146,8.10172804738774e-07,4.81399298229175e-17,1.52196801836102e-16,3.06116873649935e-23,8.67100727751754e-16,1.7154599171434e-10,4.21498637095831e-07,2.5017461405276e-07,9.24060296562876e-09,1.18009625717306e-07,2.45299720954927e-14
"Taiwan_7035",1.3162390196611e-33,9.58543087992647e-07,0.999999037254556,6.47695555163469e-11,4.97986132281283e-17,6.63643328037032e-17,2.78657420628757e-26,2.5807382845321e-22,3.7485167480426e-15,3.77387528460136e-10,3.72207110512973e-09,3.82562468031973e-12,3.34592829061501e-11,8.39411532705559e-13
"Taiwan_7036",7.49430387399982e-36,3.70393897992475e-05,0.999957641472923,1.00294088329187e-10,1.49415890013845e-19,8.31570474734051e-20,2.18376079741055e-29,4.92775877923484e-23,6.55046269517873e-16,5.99587745028619e-08,1.57536752857903e-07,3.52294949514186e-08,5.06630933207955e-06,2.62890611639563e-12
"Taiwan_7037",7.78292176668484e-30,3.47049207070891e-06,0.999996525888174,2.01667879433559e-10,1.29644592024329e-16,1.62455200021587e-17,2.53273210867516e-23,5.16862762786649e-22,1.34856837776628e-14,3.50398869611396e-10,7.96172365217841e-10,1.67501086161457e-09,5.9649124439183e-10,6.98479708228599e-19
"Taiwan_7038",3.52572204612808e-35,5.65237111766111e-07,0.999999028462528,1.82017174798779e-13,1.84913295754764e-18,4.93139279663312e-19,5.98232566520222e-30,1.5114142877732e-22,6.58731003697538e-17,6.39797296692668e-11,7.99403696111465e-10,3.15732847389087e-08,3.73863509703781e-07,1.49965509033948e-17
"Taiwan_7041",2.64205800583764e-27,3.02278906552253e-05,0.999969746057372,2.41416718426876e-09,3.38018000235176e-14,1.43281455264375e-13,3.09834732005316e-21,1.63837104233808e-17,3.19957467135319e-10,7.58872116007406e-11,2.31882089713838e-08,6.88546390274109e-13,5.28415360236866e-11,4.47570552268099e-14
"Taiwan_7042",7.55099821914112e-34,8.27385914988604e-10,0.999999841294907,8.06236232030193e-09,7.60300229618234e-14,4.9919859095588e-14,2.76431285733147e-27,1.14091492352039e-21,3.91956968254057e-13,1.03621634878631e-09,1.42115454973243e-07,2.08160459372957e-09,4.58155009754147e-09,4.99260805542996e-16
"Taiwan_7044",1.31824931466358e-32,7.5806266828055e-07,0.999999125568165,9.65630036718085e-14,2.66981427680175e-20,6.17303926561453e-20,6.95310143436013e-25,9.01971439356773e-22,4.79496860961556e-13,5.77130986253067e-10,1.14912081853622e-07,8.1316275026833e-12,4.17337074105157e-10,4.539090769883e-10
"Taiwan_7046",1.27871054434361e-30,1.35846613098745e-06,0.999964828304468,6.33410386690167e-06,7.82172677047118e-15,5.47212211671066e-14,6.28023593537985e-25,7.59274472123417e-19,3.34023522205377e-11,3.6081586813083e-07,1.2474606435087e-05,8.22632284208289e-08,1.45614065367597e-05,7.54308373054341e-16
"Taiwan_7047",5.4963597761693e-36,2.18434411927698e-08,0.999999976190412,5.02225410777258e-13,1.62031075930376e-17,2.42024482685621e-17,3.62703757806965e-28,2.41177225528584e-26,2.69284934675907e-17,4.74296012138304e-10,1.42288653029537e-09,6.02693680076619e-13,6.28466324670307e-11,5.01289258643575e-12
"Taiwan_7048",5.9958094908614e-37,1.42369341540576e-09,0.999999998576156,2.86339653421757e-16,6.54416524965157e-25,1.55765957861362e-24,3.16025713712488e-30,1.36852272503216e-25,2.62832398886615e-19,4.71922218421643e-14,7.66031328311379e-14,1.4579819943114e-16,5.71017894044914e-15,2.09345127974257e-14
"Taiwan_7049",2.09946332057394e-40,1.26229876959179e-08,0.999999987215231,2.5865144965721e-12,1.14919320529362e-20,3.38893668713456e-19,3.80527353223313e-33,2.53040044308577e-25,3.72009237412023e-17,1.72220919943366e-11,1.22667498493985e-10,2.51480372493962e-14,1.92589859128898e-11,2.07925505741653e-14
"Taiwan_7051",7.29647331467245e-29,2.51886003762756e-07,0.999999724970538,5.78740558381904e-10,6.66932462121408e-17,6.1546119109249e-16,2.80289507616937e-23,9.3266170733955e-19,1.07747537382475e-10,3.72599239967465e-09,1.79657995088119e-08,2.48136884255809e-11,7.40362356176522e-10,1.03860068689597e-15
"Taiwan_7054",2.87771504265938e-34,7.94391145686666e-09,0.999999991951555,4.54307206516962e-11,1.95730738492255e-16,3.31218300842777e-16,2.41215320519722e-26,1.55391914750038e-25,5.14074126399738e-17,6.0508193886963e-13,5.72663970352309e-11,6.94563421301077e-13,3.73159010887565e-13,1.63326881068364e-13
"Taiwan_7055",3.29759613710554e-29,0.000533011926375353,0.999450260956423,1.41315785810711e-06,1.30450484977712e-15,7.54487950401906e-15,3.20273782903464e-24,3.48636182590276e-15,7.1521427610179e-10,1.30167606459068e-09,1.07649231052633e-05,2.99636226599013e-07,4.24139525851674e-06,5.98785054099204e-09
"Taiwan_7056",3.74539469650203e-32,2.94390247050609e-07,0.999999327382873,2.49609756700843e-15,2.77619971994136e-20,3.90138581771879e-21,3.37006672650357e-26,2.45457652071515e-22,6.10050044293912e-15,1.58336517551059e-07,3.89841744720191e-08,6.35878604396226e-10,1.80261152480089e-07,9.14779965520996e-12
"Taiwan_7057",3.77514777910776e-36,1.22099744898818e-07,0.999999877899282,7.85822721812533e-13,2.92821698024199e-20,6.94948991311119e-19,1.61651037674633e-28,1.53758603260351e-26,1.34493343401929e-18,1.40476581785742e-14,1.61302962180968e-13,7.42341356512657e-16,7.81783491285212e-15,3.57824746855432e-15
"Taiwan_7058",1.27635675063673e-26,0.00149504252173214,0.994779546321863,4.07511244875639e-10,2.37077218519268e-21,1.38658720626535e-22,1.12564406546821e-19,2.45033589214158e-18,3.60263168172487e-11,1.1195192534371e-05,0.000124714336837608,0.000805513459477617,0.00278398755102772,1.72990233375145e-10
"Taiwan_7059",4.47794062870239e-44,3.76730468260034e-05,0.999962326174195,2.36091277421997e-14,1.95362702209343e-25,5.80977995333329e-26,1.03668082411523e-34,9.04277544340173e-30,7.59952889601706e-22,7.03349150948567e-10,1.03337513232284e-11,1.69317213170145e-12,6.19193946438555e-11,1.65923201990723e-12
"Taiwan_7062",2.17128068102089e-34,5.84255667764536e-06,0.99999415299419,4.28078400472349e-09,3.44808337350422e-17,1.81902109120899e-16,1.00665699333474e-25,3.99176920527659e-26,2.26292406057588e-17,1.45166466928293e-11,8.70816292589736e-11,1.96663241509009e-12,6.47830938211021e-11,4.44884251212608e-18
"Hawaii_Oahu_6307",2.13811401957872e-32,7.25037826794128e-15,1.19394819130299e-14,0.999999890617607,1.17645399549421e-09,1.06528186791373e-07,2.7677512940822e-25,1.73203100470443e-20,3.88923349833108e-12,1.40266513799976e-13,1.67293714253565e-09,6.11830580088623e-14,7.05514490607565e-13,6.36031531628016e-22
"Hawaii_Oahu_6322",5.70497555649804e-35,7.28069413404019e-12,5.74527121949122e-11,0.99999999767665,5.74186818678133e-13,1.75978810337343e-11,1.37056258054442e-26,1.65813917422724e-22,4.70551033013712e-13,6.21106438869728e-11,2.16504545063873e-09,6.93080533945858e-13,1.21246013551091e-11,5.67829465630364e-21
"Hawaii_Oahu_6324",5.81932253256978e-34,9.70260975382927e-11,7.61066212747556e-11,0.99999996553132,2.72420762112e-11,2.47409347072444e-10,3.43192210645071e-26,4.19485825960918e-22,4.83703533798411e-14,1.64135369494152e-10,3.35677849144363e-08,3.82464221965463e-11,2.50680559283665e-10,2.99659872702703e-18
"Hawaii_Oahu_6327",4.68845121469773e-34,2.56912472920128e-10,1.96778255829044e-10,0.999999917413992,6.15536204282307e-14,1.0387625971625e-12,2.46172100699014e-27,1.00315172617928e-20,1.40990784142446e-12,1.05813023623116e-09,7.58142558915413e-08,1.52384447815322e-09,3.73357649770044e-09,2.13103165045132e-19
"Hawaii_Oahu_6333",5.92825939627271e-33,1.24958553873711e-13,4.58666050603389e-13,0.999999990701392,1.23267459167607e-10,9.14964697779375e-09,1.49847081033254e-26,2.66251534931732e-20,9.31699519131798e-13,7.29725993174697e-14,2.39073806716206e-11,9.26393241000785e-15,1.88658397909298e-13,1.67535932417243e-25
"Hawaii_Oahu_6338",7.28614628948543e-38,2.53268711338441e-13,8.04900174992459e-13,0.999999966802751,2.01592158021545e-15,1.02776396518121e-13,6.37704105207397e-31,8.54156814506817e-23,8.76983408302854e-15,6.49778653050616e-10,2.92987910181293e-08,1.70404413405318e-10,3.07710300035365e-09,1.16443040991599e-19
"Hawaii_Oahu_6342",1.56500109704705e-34,1.58649625043099e-10,6.76042898410542e-12,0.999999999684035,2.02866016907738e-14,1.34335932415794e-12,1.1488699488387e-25,2.83309323021995e-24,4.10852505722489e-16,2.39720186382308e-12,1.46682624188852e-10,1.82933726088616e-14,9.24412338247073e-14,2.43968845521425e-18
"Hawaii_Oahu_6346",1.9904797992734e-41,6.48646459298912e-09,8.53168546913898e-11,0.999999993098065,8.46106494937226e-16,4.30871206679919e-14,3.47089347644345e-32,5.74335823824613e-26,2.3657705925217e-19,3.28100495208983e-10,1.93709749846775e-12,3.9036237998605e-14,3.26686113910504e-14,8.42343679519775e-23
"Hawaii_Oahu_6352",6.06416869803851e-37,4.81689842378907e-09,2.21059758818195e-10,0.99999999400963,3.1302778698571e-14,2.45237264210208e-12,9.89665597471957e-28,7.40205422522537e-26,5.25139793172565e-17,8.06948023833702e-10,1.39665509035452e-10,1.55630709957294e-13,3.15929561009764e-12,7.40370320373456e-19
"Hawaii_Oahu_6363",2.84627941720529e-32,3.69319495842866e-10,6.09494557796722e-11,0.999999975872892,7.47804728137721e-11,2.19956434934683e-09,2.75597007007009e-25,2.45473180022255e-20,3.24047044158114e-11,1.10412775610169e-09,1.94270911880095e-08,9.88247782552824e-11,7.60045503491116e-10,1.01425954631316e-23
"Hawaii_Hawaii_6460",1.37430702519199e-30,4.43674554964077e-14,7.18444735874418e-13,0.999997842070099,1.24049214165377e-08,2.11001725220875e-06,2.73509549233107e-24,2.46920306218201e-20,1.02225762319713e-11,2.66631825707211e-12,3.54699303830115e-08,8.57345343301459e-13,2.32875973677013e-11,4.19320383311542e-21
"Hawaii_Hawaii_6461",4.86558667532819e-31,4.32371127948159e-08,0.000131890886072825,0.9998679855407,3.24313535616529e-12,8.33416813422337e-11,1.29617727378207e-24,3.65856855513712e-20,4.37803576171163e-13,3.21819503431858e-09,5.45211159474314e-08,1.58037593528024e-09,2.09294047483093e-08,9.07660455082621e-18
"Hawaii_Hawaii_6463",1.81015717709631e-28,2.39996798014353e-11,2.81378053225732e-11,0.999995312640812,1.32498751741012e-09,2.0658334017086e-08,7.67496368358638e-23,7.31498765136096e-18,8.75767108407488e-11,2.82036235048905e-09,4.63380224168397e-06,1.68426856651145e-08,1.17708624138559e-08,1.06161065372194e-16
"Hawaii_Maui_6549",1.15746575187474e-32,2.23639803530419e-10,3.30208430546068e-13,0.999999948499333,8.03079408268852e-13,3.64707964570729e-11,5.82845186661137e-26,1.86059863208813e-19,1.35851586434607e-11,2.8659692770849e-09,4.47576997894678e-08,7.6137845136614e-11,3.52603093897783e-09,5.68894355416959e-22
"Hawaii_Maui_6550",4.87340296130914e-35,1.53507998089029e-14,3.74049569891636e-14,0.999999999468172,9.29974709882690e-13,5.22342526252819e-10,1.24892474724017e-27,4.9620694948274e-23,3.77015510262717e-14,2.85338283614663e-13,8.16421335083443e-12,1.19401550293266e-15,1.45391946463619e-14,6.50143996688372e-27
"Hawaii_Maui_6557",6.32554281427326e-30,5.52832574431507e-06,1.28696244737122e-08,0.999985539198802,7.17794181178195e-10,2.17761593907136e-09,6.84551451574365e-24,1.28535081410964e-14,1.16950752194186e-08,6.71145386345012e-06,1.28836643057142e-06,5.3093409480148e-09,8.99885696456142e-07,1.28174550083816e-18
"Hawaii_Maui_6563",3.79876499103902e-28,5.51283893947407e-10,4.04296258436397e-10,0.999994798799327,4.25527864723299e-10,1.3194583383119e-09,6.2157173383583e-22,8.37835207594731e-18,2.1853078736657e-09,3.36565575879029e-07,4.65643660201792e-06,3.99484668071367e-08,1.63364153800377e-07,2.51126449553802e-19
"Hawaii_Kahoolawe_6568",7.34782093812471e-31,5.22040499074183e-08,7.05261314196763e-11,0.999999898941226,1.99647709560069e-11,2.88168883307276e-10,9.53054115598647e-23,1.52747948651511e-19,2.86124990448683e-11,9.37808998521581e-09,3.75193762579617e-08,2.99247546160306e-11,1.52006142021636e-09,6.50261808623094e-20
"Hawaii_Kauai_6601",1.89258277384061e-28,2.65820280696075e-11,8.60528968244265e-10,0.999986567382404,2.62761422664961e-10,7.10326492250611e-09,7.98816692568863e-22,1.48163835967509e-18,8.44172975457484e-09,9.50346211356038e-10,1.33612647684425e-05,2.97540168700284e-09,5.07322127154265e-08,5.47830619460549e-17
"Hawaii_Kauai_6604",4.80416670011531e-32,1.18163204503779e-09,2.15742433247699e-08,0.999998725514549,1.16137992696226e-08,1.24000810038236e-06,9.27147532251722e-24,3.6980897398948e-24,2.88572905871746e-14,3.401783087068e-12,1.03456322682798e-10,8.15232373851233e-14,7.08029192365983e-13,3.6359616918974e-24
"Hawaii_Kauai_6625",1.79282152100684e-32,5.8581165643959e-11,9.69863849610052e-12,0.999998960737348,1.85499471367271e-10,5.96988126048911e-09,1.39015646202153e-25,5.59558590730383e-21,1.5967900572768e-12,5.72609153307652e-09,1.01587579408479e-06,6.71480591809625e-10,1.07640288437785e-08,1.38660001102248e-18
"Hawaii_Kauai_6643",8.3941572245467e-37,1.6554906539326e-10,4.98784407049238e-10,0.999999999292025,1.08755080548596e-13,4.28252531748392e-11,2.12655571907738e-27,4.52427292225935e-27,5.06407023334493e-18,5.537930178035e-13,1.53928750126002e-13,4.89286348205263e-17,1.04875705172783e-16,3.07260810179532e-24
"Hawaii_Kauai_6645",1.48721423288849e-37,4.83285775954989e-15,3.19072647124343e-16,0.999999998338372,2.16571886218012e-12,1.64901683389178e-09,3.01804968411535e-30,2.82260750390301e-24,2.7086291201417e-16,1.03023710794755e-12,9.40415614900782e-12,1.50579699157642e-15,4.12580655049811e-15,2.73657216075206e-26
"Hawaii_Kauai_6646",9.35968528982797e-39,3.84845823984107e-13,1.30902498557847e-15,0.999999981353915,8.7568536172641e-11,1.84526672929956e-08,1.37958354138774e-30,8.41470383853596e-25,3.38144629165644e-16,9.29129547734043e-11,1.24046110675473e-11,5.12097898917301e-15,1.40337689204216e-13,3.66272040311263e-28
"Hawaii_Hawaii_6848",1.7408101383303e-34,5.2286460771833e-11,7.70353262902187e-13,0.99999999976511,2.80263000541222e-14,2.34393242559522e-12,3.27630614616878e-26,3.23355488140693e-23,6.97537375516433e-15,5.91050694786699e-12,1.69712239744496e-10,4.21812330554975e-14,3.78968186802812e-12,1.35447776115529e-20
"Hawaii_Hawaii_6849",1.31997324171959e-37,5.13858599678833e-13,1.19577801077418e-11,0.999999988336794,2.28755414522683e-10,1.11568348827716e-08,3.29936998977236e-29,1.53700516150155e-25,3.71990507450528e-16,5.01618349539026e-11,2.14152079490499e-10,9.54325238286372e-14,7.34367264842275e-13,4.98163094362694e-23
"Hawaii_Hawaii_6851",4.21413839483919e-32,1.01094304878725e-08,6.17710149187651e-08,0.999999891415649,3.39170112858516e-11,7.37167709546762e-10,1.46446714105039e-23,2.93619965236187e-22,6.51677217661806e-14,6.45173906955247e-11,3.58169518787922e-08,3.42531348501774e-12,4.78568833113034e-11,3.82209758127442e-15
"Hawaii_Hawaii_6852",1.63245859671699e-30,8.35388376271704e-09,2.47028746633968e-11,0.999999989438861,1.54673719873337e-12,2.93268513058938e-10,4.46614597396592e-23,2.67859726550991e-22,3.59236676422684e-12,1.45018535693403e-09,4.31997870865749e-10,1.39988114070358e-13,1.82171723979493e-12,4.59241527939979e-24
"Hawaii_Hawaii_6864",1.37551969480594e-36,1.33684464217884e-14,9.21551871995775e-15,0.999999998414475,4.12415225356532e-12,1.58083923900172e-09,9.19357081626137e-29,1.35359414216978e-24,1.14623469572848e-14,1.67000077187619e-13,3.57335122237694e-13,1.02510633864675e-16,3.2671010349998e-15,1.17175052738005e-30
"T1F.1_T1F.1",2.21398694561139e-22,6.04238487472319e-14,1.39622369813422e-16,1.09918835915289e-08,0.234067108611807,0.765932874503841,1.56070853966527e-19,4.657452650342e-14,5.38758801694651e-09,6.69855553035557e-14,5.04686020490179e-10,6.24328736213146e-15,1.37459166826006e-14,7.01694641752632e-22
"T1F.4_T1F.4",3.94348364059683e-21,2.17404114606236e-14,7.67502663406999e-17,2.50562315591758e-12,0.994931246323313,0.00506875356935956,8.00463377771013e-18,1.18537728152435e-15,2.90084124414364e-11,7.59166454279228e-14,7.55963813887930e-11,9.15530533106443e-14,2.67247127259887e-14,1.86001476721584e-22
"T1F.5_T1F.5",8.19761649776154e-23,3.16898271589968e-14,3.98538691626985e-16,2.6336414661565e-09,0.446635090971426,0.55336490390662,4.06677566540115e-20,3.8958018943409e-14,2.22985744003044e-09,1.21718298670515e-14,2.58352047928751e-10,6.06307585929711e-15,1.37318487364471e-14,4.06909511038025e-21
"T1F.6_T1F.6",1.30431157205666e-19,5.82599948076923e-14,1.69582641670301e-17,8.80971669209246e-12,0.975261162559707,0.0247388367520379,9.36359196370144e-17,1.95997312916749e-14,5.59344552991062e-10,1.24826788865363e-14,1.19978770477226e-10,2.44838164906899e-14,6.82509016127014e-15,1.61242331708259e-22
"T1F.8_T1F.8",7.14569147961261e-20,2.1848420498333e-13,8.89601363655212e-18,8.447053399819e-12,0.98543808348174,0.0145619152578615,1.18090338648182e-16,1.18618346140923e-14,4.4021491603074e-10,5.51717252148426e-14,8.10733488624181e-10,6.59851613309394e-13,5.71300752065745e-14,1.88310804557102e-21
"T1M.1_T1M.1",3.16433548646288e-21,5.78983370623025e-15,1.03273406014875e-16,1.95933847623999e-11,0.721166049543642,0.278833941806268,9.91265790386435e-19,1.18520712067132e-13,8.34298915628805e-09,4.27390995079222e-15,2.8736595361923e-10,5.39643728347978e-15,7.23027366193764e-15,1.32050053814698e-21
"T1M.2_T1M.2",8.89064884647447e-22,1.01468542834253e-15,2.63247774689636e-17,3.65018401823812e-13,0.665912828734488,0.334087170839976,1.17389953473581e-18,2.46891210187282e-15,4.18534787731837e-10,8.8872594976276e-17,6.6322677174336e-12,1.2374713039162e-16,8.53688730481861e-17,1.87953497308105e-24
"T1M.3_T1M.3",4.01720861815951e-24,9.90621971601911e-14,2.00070705869244e-17,6.73629012652598e-09,0.312022677178861,0.68797731585933,3.25524065397188e-20,8.00808317873407e-17,1.48342508270946e-10,6.26897804168164e-14,7.69881652814236e-11,2.31299563552171e-15,2.42436358679935e-14,1.49021176117396e-24
"T1M.4_T1M.4",1.53152345308954e-25,4.54642497891691e-17,2.73832871779795e-20,6.75880713545323e-12,0.918114085116288,0.0818859148769171,3.29981069612598e-22,2.47223876928987e-18,1.83204279986076e-14,2.75776581413258e-17,1.74907380597484e-14,1.11749804021353e-17,5.59906616975143e-18,5.83318526252215e-28
"RmelF.1_RmelF.1",4.17153072276697e-24,3.01367163465567e-12,6.59492195242055e-16,1.32977508277355e-07,0.105896123725807,0.894103720850338,2.30658128855802e-20,5.22904155068887e-15,4.61941593113903e-09,4.19928021089701e-13,1.78212871888973e-08,1.6031802412696e-13,2.04422557135476e-12,4.034333672244e-19
"RmelF.2_RmelF.2",2.62869088467684e-23,8.62358110798703e-14,2.71594675521588e-16,2.57352082696123e-08,0.16968531293458,0.830314656436857,6.60566911079795e-20,4.17081100049488e-15,3.93299561997569e-09,2.58507941680012e-14,9.60217646890979e-10,6.45631641817899e-15,1.83174204699637e-14,1.96434340907135e-21
"RmelF.3_RmelF.3",1.35414588503604e-27,6.27723529747643e-19,2.18505946381974e-18,1.0992548967463e-10,0.0527924162813847,0.947207583608459,4.89725260662437e-24,1.2606449946059e-19,1.24107712678459e-13,1.71601675660112e-18,1.0667632595373e-13,9.8314031506931e-20,1.25146308471652e-18,1.4317614516814e-25
"RmelF.4_RmelF.4",1.75445781382427e-30,2.48691825321217e-16,1.0826604961737e-17,1.29411828061041e-08,0.00924373886242353,0.990756248196392,1.25416540643037e-25,1.07879652406242e-22,8.4001682326995e-16,7.93527066288182e-19,4.30686323309795e-16,1.75811189804701e-21,2.54126179402965e-20,1.6291226980592e-29
"RmelF.7_RmelF.7",5.52290006059148e-23,1.36604995753665e-14,6.1903179724312e-17,5.21236547391173e-11,0.538075054733468,0.461924944550025,4.538787868037e-20,7.89752496276516e-15,4.7882209229405e-10,2.97157370142096e-15,1.85521373175343e-10,9.68245149075991e-15,5.71792122436507e-15,1.78979809007623e-21
"RmelF.8_RmelF.8",5.71821069578768e-30,1.92524167808585e-19,1.69760880875004e-21,7.07103804214725e-11,0.0678131341203531,0.932186865808934,3.37919585320852e-26,1.35789492459587e-20,3.0063757952569e-15,7.68488138350387e-20,1.37469219998793e-16,1.02780662940746e-21,4.16798887843203e-21,1.03386915289264e-30
"RmelM.2_RmelM.2",1.30817383104822e-23,3.58701153618184e-13,1.43075341484463e-15,4.09261459384881e-07,0.192664777235231,0.807334808760269,4.89912217989172e-20,1.55244561107308e-15,1.17779972364965e-09,8.59732561975912e-13,3.56327417575177e-09,5.52025449974475e-14,6.89828757601469e-13,5.86030073483947e-21
"RmelM.3_RmelM.3",4.96640598860204e-32,1.08246752501135e-18,2.56157275158778e-21,3.67475871601259e-08,0.0264782560697243,0.973521707182686,6.99426866781019e-27,6.37625586514825e-23,4.26991364067879e-16,1.1873303521293e-18,1.92273693407222e-15,6.53192780778166e-21,7.75383223194716e-20,6.9727273618953e-30
"RmelM.4_RmelM.4",1.54523590242457e-19,5.58033978890033e-13,1.73212418980985e-14,1.25774621712269e-09,0.19506899776123,0.804926236115049,6.73332984798097e-17,5.21329086226633e-12,4.73468071901493e-06,5.64851451517185e-13,3.01783401449471e-08,9.32535631777033e-14,4.68390419520948e-13,1.35135824192247e-20
"RmelM.7_RmelM.7",1.04324112878299e-23,1.05031547324673e-17,3.56749669024851e-18,5.11970450908066e-12,0.111543587311555,0.888456412666755,1.1169771487521e-20,7.83280145903171e-17,1.64941448975522e-11,1.72284371376496e-18,7.63857153836107e-14,9.59031144130309e-20,4.05987874397378e-19,2.93491321517757e-26
"RmelM.8_RmelM.8",5.48376145403589e-22,1.96363741996249e-12,1.63171603568095e-14,5.71563633915568e-09,0.375165235906584,0.624834715773705,6.40938588662925e-19,3.13086631287835e-13,3.67928882532871e-08,1.48960892618004e-13,5.80814573251049e-09,2.46709180790344e-13,3.51854207756501e-13,2.05572221689373e-19
