key,LD1,LD2,LD3,LD4,LD5,LD6,LD7,LD8,LD9,LD10,LD11,LD12,LD13,assign,grp,posterior_assign,posterior_grp,Decimal Latitude,Decimal Longitude
Senegal_Casamance_6285,8.339498109528499,-2.3483307600438503,-1.48909659332393,-1.66712857580305,2.64888148681389,1.22868729585883,1.4765319255014802,-0.47951751488063105,-0.665479403968607,0.7142290487376891,0.9951562684393199,1.0903150819876701,-0.332629915832766,1,1,0.99961598226042,0.99961598226042,12.53593,-16.355377
Senegal_Casamance_6286,5.2554503227018206,-0.5492668490004621,-1.16944462095626,0.138603687647992,-1.2739252018298701,-0.429473120717386,-0.780944667482232,0.615032677139959,-0.496025111389706,-1.9634995876890702,-1.93885155346389,-0.10435490008958198,0.0348032439684598,4,1,4.09447569205916e-20,0.0364424652233576,12.53593,-16.355377
Senegal_Casamance_6288,7.29680685049642,-0.7540973232563299,-2.3837747547114905,0.991078160388331,1.72654703193694,-1.23700455830712,0.7404762943857691,0.394919885850344,-0.475493827532423,-0.833476032194884,0.0223147337412165,0.427585297954289,-0.550078445877583,1,1,0.955009898477078,0.955009898477078,12.53593,-16.355377
Senegal_Casamance_6289,7.814992880727281,-1.23593943631254,-2.8432844725728703,-0.6963424106383499,0.271702981837554,-0.46911024328381107,0.560548006398552,1.3281079489099499,-0.17710106260682698,0.14693990711209198,-0.456719508365575,0.685680175941538,0.29747203417606,1,1,0.985403825605635,0.985403825605635,12.53593,-16.355377
Senegal_Casamance_6290,9.63306045686299,-0.0154891306391739,-1.6942908304918,0.294673140703529,2.19981817664075,-1.4857401689020202,1.03451177129056,-0.747080318352201,-0.562148624308889,-0.25296397867027104,-0.378291147661707,0.448972445734222,-0.216495805062875,1,1,0.9999532324982678,0.9999532324982678,12.53593,-16.355377
Senegal_Casamance_6292,7.57668749115638,-1.40769824606336,-1.2704300930064698,-0.25338457761996,1.27433968025877,-1.40769472492473,-0.225909520157647,0.197855853372535,0.9739306120988159,0.362478266059985,0.826603294825063,-1.15112169722851,0.896951445630735,1,1,0.9947711932326959,0.9947711932326959,12.569162,-16.173592000000003
Senegal_Casamance_6293,7.51048965175208,-0.0928706714794087,-1.21407066677331,1.05016968348461,1.54968895884345,-0.11161703434397999,1.98520728066345,-1.5080373003403797,-0.9204191899954269,-0.329037966687913,0.6618809233801031,-0.143963333317582,-0.0695888148946251,1,1,0.9999544970768499,0.9999544970768499,12.569162,-16.173592000000003
Senegal_Casamance_6294,7.57548551790043,-0.734889496393869,-1.4510634578446,0.920874450618455,0.489009358449495,-0.352044435636151,1.94091147209999,-1.53399394666392,0.822068828798659,1.7626256073205802,0.4529020836711571,-1.65417201528337,0.90347203236393,1,1,0.9999989643795891,0.9999989643795891,12.569162,-16.173592000000003
Senegal_Casamance_6295,8.81886111835795,-2.78188947275234,-2.46608697025848,-0.375900458500195,2.18338835673637,-0.66030046461607,0.690266423976894,-0.030125558028761,0.811039366626375,0.421322887788387,0.620552301573254,-0.919098217693972,-0.551728489780782,1,1,0.99965650911214,0.99965650911214,12.569162,-16.173592000000003
Senegal_Casamance_6296,9.099142808386288,-1.36302123153204,-1.6075627836048898,-0.479025991200127,1.14922030875219,-0.662190372580759,1.6265085254792198,-0.894436464713208,0.5586447269107641,0.23327704157896,0.8847513608641221,-1.4262381332840401,0.517907324367873,1,1,0.999998387897213,0.999998387897213,12.569162,-16.173592000000003
Senegal_Casamance_6297,8.87741028699273,-2.2192617513511004,-2.67341199200719,0.464117933552615,1.18659322630621,-0.13229649889691197,1.57652240310114,-1.00083990944416,-0.154297475622199,1.6926361850163898,0.5728627611157391,-0.20392788335895395,0.0486461570985888,1,1,0.9999971154427041,0.9999971154427041,12.569162,-16.173592000000003
Senegal_Casamance_6298,9.384501578296211,-2.08422147099347,-1.8675572326995,-0.20170217441996202,2.2454752111649103,-0.144278988523287,1.52566014961457,-1.09054020009836,-0.529276329982816,0.407089792636494,-0.47389779823023903,0.80399547168761,-0.43347223118456396,1,1,0.999984856824133,0.999984856824133,12.569162,-16.173592000000003
Senegal_Casamance_6299,7.58014658212934,-0.48195452627406105,-0.45103705032806,0.0221647498808079,1.55313484812137,1.2353543398758302,0.6721712207938381,-1.09967488473575,-0.0114547625332255,1.2350287323571598,-0.215819666035068,0.302839474782081,0.2489937967523,1,1,0.9995245472286031,0.9995245472286031,12.569162,-16.173592000000003
Senegal_Casamance_6300,7.75768228391994,0.0721930732726541,-0.890186120346397,0.735972886472722,2.9195848719638504,0.929209639161139,1.42743700885404,-1.0982978700289001,0.48550405822355797,0.894428481926012,-0.151840373872994,-0.690506226472539,0.566762925846679,1,1,0.9997676934090408,0.9997676934090408,14.497401000000002,-14.452361999999999
Senegal_Casamance_6301,8.04699444656432,0.22197846528297,-2.082090669214,-0.233073940392197,3.0961682063431204,-0.29968892452096196,-0.0799284982508654,0.663466489892507,-0.106326670725994,-0.11847105281370598,-1.29519181100866,0.254850382377653,0.30234500369259004,1,1,0.794013611116519,0.794013611116519,14.497401000000002,-14.452361999999999
Senegal_Casamance_6302,4.386475690406661,-0.0161342851609843,-2.07396584771432,0.678152518604749,0.451947994927871,0.0697390033931491,-0.0880593561904581,0.961254999121981,-0.119523569402252,-0.360274650529695,1.7796985947955,-1.2172265823443702,0.0858477091526763,2,1,1.47639525461327e-10,0.0888600985323767,14.497401000000002,-14.452361999999999
Senegal_Casamance_6303,9.40193678174054,-1.1416324240349198,-3.2147219085604304,-0.3495425903475671,0.8070483932978109,0.267796243554838,-0.233263127100802,-1.42256590592303,-0.293777637104018,0.472614831191177,1.08331784432717,0.25935816706250603,-0.8037739791672529,1,1,0.999893582396878,0.999893582396878,14.497401000000002,-14.452361999999999
Senegal_Casamance_6305,8.37358981098405,-0.42698057596770794,-2.14670469220429,0.46810110977344105,1.8745487049838798,0.3813854642256,-0.19579678661063898,0.130568543452519,0.290308688872183,-0.0417544066407209,-1.6895581888134399,-0.0113323745813841,0.453006164492409,1,1,0.9798379784965869,0.9798379784965869,14.497401000000002,-14.452361999999999
Tanzania_6573,3.1519950349028503,-0.678747418693954,0.264339763795963,1.00650299440504,0.8173122719198429,-0.0750073635491862,-1.36642586480508,0.0562554304746733,-0.9929443073605129,-1.05850676515496,1.4526415398253198,0.12799160387820502,-1.27164905825138,4,2,3.53591076822583e-12,5.8157834900049404e-05,-3.399439,37.563106
Tanzania_6579,8.797310742200619,-1.48568494147945,-2.44223751742092,0.907026183865264,3.3221964172168703,-0.878433814601422,-1.2338679662799,0.620022646950634,0.12603805874404903,-0.394982510161689,-0.567157767412684,0.520009015177029,0.48384622079840706,1,2,0.618124728422181,1.65781900370028e-27,-6.815778,37.699853000000004
Tanzania_6580,2.7883830380730497,-0.6432425747718821,-2.10755729039016,-0.434022472340589,0.340926123760971,-0.462918666685049,-0.7898121404750891,0.695864081934498,-0.31473295429164505,-0.521694867992906,0.43577862674023504,-0.47278665098363304,-0.198224402776561,4,2,2.53224240915237e-11,0.000250742511233037,-6.815778,37.699853000000004
Tanzania_6581,6.82342548872453,-0.130323563812599,-1.56477393888352,-1.07553620989133,3.6817933405484102,0.47685864037090897,-2.37892101854915,2.5123767535481,0.201692587429269,0.0847481196215349,0.702801148274219,1.7366537353519198,-0.363288251760932,2,2,5.58983020079227e-22,5.58983020079227e-22,-6.815778,37.699853000000004
Tanzania_6583,6.76157366243662,-0.887867854437293,-3.16716924037353,1.52807473036203,3.70052429298029,0.596100147828112,0.656554999728629,-0.23778023816344396,0.911315366598057,0.40867308085280796,-1.39069694702409,0.8071621728569351,-0.210617593950385,1,2,0.58800052137571,3.13795209251563e-23,-6.815778,37.699853000000004
Tanzania_6588,6.10080450276758,-0.964328036388838,-3.3444719717407994,-0.526403914303856,2.69284894322779,-0.7270232521108749,-1.33726815352557,1.10630464473132,0.796054194133203,-0.592662686406189,-0.7390994635139799,-0.660799305648723,-0.39582101148724297,2,2,1.48757541303848e-18,1.48757541303848e-18,-6.845697,37.663283
Tanzania_6589,5.84443665492329,-0.287577217081892,-2.7746028564241296,-0.6265514355452579,2.30614757153079,0.7495730699469009,-1.3499515824264399,2.4251470755027302,-0.24725128676815197,-0.501601225438208,1.02305014404958,0.341497126494861,0.47238471663780895,2,2,1.08391849273262e-18,1.08391849273262e-18,-6.845697,37.663283
Tanzania_6593,7.421474753200231,-1.026369455555,-3.0316817714195494,-0.5949386570361751,3.01812858233934,0.672833543027548,-2.38681904667581,0.9647237413936479,0.21173104922134697,-1.41298693895569,-1.8042055076441001,1.22548921049759,-0.22014760398480102,2,2,8.715247565587049e-24,8.715247565587049e-24,-6.845697,37.663283
Nepal_7074,3.3131226336273096,1.01367594021549,2.2857530855266,0.623182744389199,-2.90923380172477,-0.9947459055253671,3.1400664441179704,-3.1714939709667904,1.24612612076877,1.3998944320870599,-1.18284192142251,0.41721422199471997,-0.11231641576526402,3,3,2.25854444809766e-21,2.25854444809766e-21,27.588819,83.71495999999999
Nepal_7076,2.94463965975727,-1.4379460221929399,2.5333078768303197,-1.5975288528563503,-2.75468436334853,1.5465063449458603,1.2053445832014198,-3.87911324724679,0.791933666847609,-0.27771731083931106,1.68076532707196,-0.0651742860280012,0.391418622981455,3,3,5.58008087165117e-20,5.58008087165117e-20,27.588819,83.71495999999999
Nepal_7077,5.41050539519075,-2.34472693482955,0.9483199559512241,-0.728232730240995,-2.2707270966098902,0.915425748237152,-0.7225415813800451,-1.04683588815107,2.00897017933659,-2.80201504288236,0.957267856028052,1.6210114745963702,-0.855898376344797,3,3,1.76205401410726e-21,1.76205401410726e-21,27.588819,83.71495999999999
Nepal_7078,3.18349606311791,0.865409805269303,1.8216521403689199,1.6962476976053402,-1.81078376979772,1.5940570399223601,1.00160365358218,-1.81744195927708,-0.152661510025037,-0.456836986329469,-0.256491210039866,0.881133843499379,-0.00256279950537119,3,3,2.0564398644809698e-18,2.0564398644809698e-18,27.588819,83.71495999999999
Bangladesh_6661,2.0591552182632,0.5877447873308621,2.5384020602379103,-2.06411776158632,-2.5844920560821296,0.431754341326883,-0.8642014812344291,0.22862775036737099,0.663482571530825,-1.1368651074065301,-0.663583950520538,1.4594636883180703,1.6090644228353301,4,4,9.53277328565625e-14,9.53277328565625e-14,23.952822,90.279872
Bangladesh_6669,1.3193108795312198,-0.960388944661156,0.770454263993265,-1.49040403449277,-1.8840412427428301,0.56521149594763,0.315728525728896,-0.823894259664453,2.29243859415798,0.15484550549878198,1.32957878262585,0.0753934332479956,0.34616914446475394,4,4,7.941917628985821e-12,7.941917628985821e-12,24.369664,89.24502199999999
Bangladesh_6699,5.36579345278697,1.25956080333058,0.655625350436026,-1.22844074905622,-1.59309562141458,1.58106504556209,0.446547203849182,0.294493062145284,-1.17907784924015,1.11388326368397,1.10033149717264,-3.2445202188533395,0.9835272635280401,4,4,2.22026913632584e-18,2.22026913632584e-18,24.59009,88.27094
Bangladesh_6705,2.33027679313287,1.3947624914069798,1.21855533430359,-0.576684733758517,-1.41283785574947,0.7332715610211199,1.5503875725174299,-1.37264960249816,-0.231193836178851,-1.43565212485739,-0.35530591788786603,0.48388203376209604,1.0673275107503601,4,4,6.31102402748461e-10,6.31102402748461e-10,24.089883,90.40780600000001
Bangladesh_6711,3.71621450567785,0.5653861675688859,0.24419059248513397,-2.23904817749515,-2.26587008273748,0.3761677844184121,-1.3841645971588201,1.2952962669962198,0.876986194897181,-0.131125532890769,-0.153523591863656,-0.167503598256931,1.0900470620537699,4,4,7.676437960302529e-17,7.676437960302529e-17,24.678442,90.09878
Bangladesh_6727,3.84446545964665,0.0661535119414392,0.6675882272925829,0.11067464489214598,-3.3241704063804596,1.59353810719441,-2.84174154046041,0.782611475598898,-1.63258493345277,-0.9133147727784591,-0.736684768287741,-0.37977164535903707,-0.9569057006502449,4,4,1.29854530066662e-19,1.29854530066662e-19,24.02307,90.772297
Bangladesh_6733,2.12102044870361,-0.990197974729947,-0.216951495068349,-1.8355428292871099,0.0201056528187347,1.06090619073434,-1.25108845108156,3.5696123809595495,0.17916538998359602,1.90506725801404,-0.359451286429215,0.108868788375411,0.34819685533914396,4,4,8.20194777104708e-12,8.20194777104708e-12,23.858456,89.92532299999999
Bangladesh_6740,4.48286256367137,0.0616053786294507,0.319840449922722,-1.64783374778052,-1.95735518566257,1.1066262863212502,0.065126156080732,-1.1744120493138999,0.7485235577802729,-1.16696663285656,-2.74216345639329,-1.03890219118888,-0.345107707905064,4,4,2.85616153190477e-18,2.85616153190477e-18,23.86726,90.27216800000001
Bangladesh_6749,2.5862961098267405,-0.505368869985193,1.6917693398153002,0.55351104581891,-1.4529589422171298,0.37434754792649394,-0.0224194299384416,-0.18586394673165602,0.654694511056531,2.2514895740205,1.3951995781556898,-1.2934152351843602,1.14463577979875,4,4,3.2279466959732996e-14,3.2279466959732996e-14,24.070033,89.113417
Bangladesh_6759,2.94833316644799,0.57207294881741,1.39204334594875,-1.24627241559363,-2.7357862636659904,0.854712983673075,-1.7861056218791398,0.77211972995115,-1.35523495727913,-0.363431199983504,-0.138945658272323,1.1626977071642302,-0.18714295307080303,4,4,5.52955035850471e-16,5.52955035850471e-16,24.99898,89.775533
Bangladesh_6769,3.56362837906842,0.45833403417831803,0.330343791015671,-0.727202332143056,-2.7326288489234702,1.57585273466569,-0.246625681512222,0.156183339724952,-1.09628511341477,0.14614416598235597,-0.6164560125775881,-0.6889302987466089,-2.13361554843387,4,4,1.0426883196784999e-16,1.0426883196784999e-16,24.581659,90.394856
Bangladesh_6775,2.67427675677787,0.32048627836054905,2.2433896581477,0.330266790085815,-3.009043375758,-0.0658330314404071,1.39778291328246,-1.20589587118276,0.00194275899911875,-0.6944805634111669,-1.23450616821099,1.1288008404991399,1.5149684415435702,3,4,1.3472601891585098e-16,8.71946273783791e-16,24.993592,91.28910400000001
Bangladesh_6778,2.2643634860064,-0.5132546375617371,1.14812467064973,-0.5013057850032671,-2.40968823070004,1.9237128400463799,-1.1474075214923898,0.676807805525908,0.241976498920825,-0.597342728684605,0.344495444015662,0.535388385188157,-0.61619568787327,4,4,8.009578911696949e-15,8.009578911696949e-15,24.422368,91.443469
Bangladesh_6792,2.76630900693527,1.4315583641357699,2.3451423072057302,-2.04075649529197,-1.1716712441844,2.01335794066392,-0.525607594088469,0.484147839161152,0.0850152327941008,1.4674940022343401,0.102375391530684,0.9765267191104059,1.6393404899056598,4,4,8.334252024518991e-12,8.334252024518991e-12,25.766793,89.233795
Bangladesh_6799,1.69625506477379,0.000970710367952599,0.497124156560243,-1.1614470928746001,-0.950399868477721,2.55064682591702,-0.7237490781994541,1.1486522664121699,0.165234547409367,-0.378738420082397,-0.6963451935804489,1.50019094026161,-0.915661893473842,4,4,4.25229662028912e-10,4.25229662028912e-10,25.941666,88.84666899999999
Bangladesh_6814,5.61075407134568,0.691223342911949,0.9997222279308922,0.116466843340124,-0.158087480124296,-0.20692648597780605,-0.6014636546160961,0.281544253571624,-1.3481776551014701,0.361623834006126,1.10294958789222,-0.20242448439667501,-0.4035737028027929,4,4,3.94178460210725e-18,3.94178460210725e-18,25.828167999999998,89.68162099999999
Bangladesh_6816,3.0743097904213603,-0.29902335809797,0.62083478061197,-0.0925058640633456,-2.9308789027593303,0.9230634650275851,1.2857446674678101,0.514487539275323,-0.671940975458445,0.516160682359592,-0.0657799448832219,0.631818109523482,1.3744774378811597,4,4,9.791237052894079e-17,9.791237052894079e-17,25.874819,89.455309
Bangladesh_6824,2.4921135796661003,-0.6075854138970971,-0.430964420529455,0.177612544773737,-2.5593308863676802,1.637387335108,1.6898922916748702,-0.5107196803573271,-1.06922749734724,-0.20986617261395102,0.762498862336631,1.2967339815915802,1.67383742500779,4,4,2.98636717655074e-14,2.98636717655074e-14,25.279387,89.35351999999999
Bangladesh_6834,3.44337194402341,-1.25060757151911,0.0468270320513331,-2.37994668821051,-2.10513318715912,1.9617601494709798,0.27732381969120395,0.846912972937293,0.949560657110562,-0.5299457929099071,1.23316697663822,0.529038853298722,-0.8391480115758709,4,4,8.29439189070922e-18,8.29439189070922e-18,25.663638,89.049061
Bangladesh_6845,2.7377994664886898,0.763504091925129,0.12015280594278199,0.31637472806545197,0.517174904779317,0.6083138597442099,-0.893012532848868,1.20754549760245,-0.139203391296033,-2.0013817333807,-1.51386512817379,1.3000965137985903,1.83140988994592,4,4,2.21154079060678e-09,2.21154079060678e-09,22.690181,90.620417
Bangladesh_6868,3.2853797455933,0.7153069419550679,2.24994960046738,0.721634601768006,-1.18314944760729,-1.17065946043583,-1.8147070724360002,1.23301625184975,-0.49250875181216097,0.755107193641089,1.6370317862721002,0.48450128832756495,-2.30459837518024,4,4,8.011646097946359e-15,8.011646097946359e-15,22.133909,90.236193
Bangladesh_6881,1.65495256048846,0.573440006356549,0.557193750288564,0.312948730487294,-0.30969395420991497,0.969958500229996,0.24876133341398898,0.282529092520992,-0.0860636733712987,-0.503966494114127,1.08328630826988,-1.25173746933386,-0.192838529923965,4,4,5.8348876831947306e-08,5.8348876831947306e-08,24.682572,88.157107
Bangladesh_6902,1.87682795322934,1.85339293109724,1.80147806330855,-1.26236681560963,-1.6897195966024199,1.26134864394943,-1.39342022559878,0.49389731755454297,-1.56643040190232,0.44611458537559295,0.599519289268365,-2.0006679655954,-0.0737538862740237,4,4,7.761764364326401e-10,7.761764364326401e-10,25.666878,88.488855
Bangladesh_6908,2.96341006205006,-0.6947014531653659,0.6465250719790311,-1.04349837797082,-1.91721401912557,2.5018266587713502,-0.30174983938875105,-2.2596143119428103,-0.31747333638844705,0.0111667333681844,-2.31897370381355,-0.44968284192328295,0.408929063973016,4,4,2.6615196161106704e-15,2.6615196161106704e-15,26.027364000000002,88.464611
Bangladesh_6914,2.44117504291813,-0.766970692287705,1.69639616741299,-2.1133630400401002,-1.14863416497105,-0.8014391318767949,-0.5968313342839809,-0.377741187271772,2.52945820553404,-1.99414294255882,-0.8981020411031629,1.1449085241417298,-0.523433203971349,4,4,3.35906240661503e-14,3.35906240661503e-14,22.469808,92.051815
Bangladesh_6926,2.5497002029871,1.0969519828181,1.63980787589351,-0.0646266482029694,-0.7517306553812879,1.00120040227191,-1.3738766478598703,0.326261144775235,1.74324464866972,-0.777486695160566,0.411714748111645,1.04341380997026,-2.01912346570218,4,4,7.80079460682123e-11,7.80079460682123e-11,21.701487,92.02730600000001
Bangladesh_6935,0.55096066782329,-1.4978261313303602,-0.459200020859924,-1.73885732276407,-1.5342026223985201,1.37630236501702,1.09919273809573,0.10116886067852301,0.411235573337074,-0.680402129294997,1.2051248622657,-1.2057927258735301,-0.92029180743275,4,4,1.2269058122411801e-09,1.2269058122411801e-09,22.595782999999997,90.280787
Bangladesh_6941,2.54804997809572,0.6071777457730829,0.458556037110577,-1.94477702488007,-3.2241181869519595,1.24400067804934,-1.8141615451638502,0.789846043095225,0.27455490024622103,1.11237235784626,0.41516459952566204,0.135508996170611,1.07864881020675,4,4,3.0308770978999503e-15,3.0308770978999503e-15,22.917773999999998,89.91597900000001
Bangladesh_6946,2.6234716717142903,-0.11933443052967599,0.752110052281167,-0.7082379547975041,-2.6789225270112698,1.48047820807176,-2.08343172832896,1.37537203351776,-1.0632155550987201,-0.54376647602857,-0.139669158592023,-1.11697950600775,-1.8482102430904799,4,4,6.46328603623304e-16,6.46328603623304e-16,23.715315,89.662811
Bangladesh_6960,2.00226941535417,0.35889982953879296,3.48402038473747,-1.98035928091901,-2.53030252502715,2.42467460189209,-1.07224505316096,-1.4870567442288403,1.5320563753613898,1.28870568713153,-1.1726324716637,0.8796112087071009,-0.561219641292749,4,4,9.26846411541492e-14,9.26846411541492e-14,24.741847,90.409316
Bangladesh_6961,2.46956180001823,0.895038137591882,3.1774373090754104,-1.00855010925276,-2.2601774054645096,1.80514919256758,-0.0790021651341497,-0.466627752793887,0.47336692511773104,0.45692377604767603,1.14808658650136,0.42756040044725896,0.7055118797313241,4,4,1.71321710663011e-13,1.71321710663011e-13,25.022868,90.01865600000001
Bangladesh_6970,1.81895864095582,1.49890392753667,-0.05524149773678701,-0.692806207116187,-0.825372165482578,1.68318241611195,-0.11645125847651401,1.76696431330702,0.336125953140781,0.110179565117411,-2.5367717229210096,0.280077106474389,-0.9169631513434849,4,4,6.68277024524405e-08,6.68277024524405e-08,24.11637,91.077772
Bangladesh_6984,1.6252772092445,0.9575530968733391,1.0683880395008,0.393333170473824,-2.52034900264312,1.06016990177297,-0.60129418045022,0.09329780594433401,-1.89109304539581,-1.09158163552141,1.1024348766135301,-0.9532668060968679,0.6488786992590739,4,4,4.83234581291538e-11,4.83234581291538e-11,25.121823000000003,90.340717
Bangladesh_6988,2.93739163708353,0.5624247015265661,0.685470074404203,-0.457391686672443,-2.9997474867665694,1.08142117932702,0.40324057569103705,0.5780450314418821,-1.3740113384370902,1.5461533883812202,-1.2322949054443602,-0.7349187656908991,-1.6617858866452802,4,4,1.3527394267747101e-15,1.3527394267747101e-15,24.856744,90.03732
Bangladesh_6999,2.02137902251903,1.08977667153907,1.1335953359800501,-2.2112553144866203,-1.0289134583689,1.8430639059961498,0.7653963416071609,0.847649455594619,-0.958179412462079,0.9673069989154731,-1.50767250396009,-2.018062757114,0.83211825787691,4,4,1.02862899056781e-09,1.02862899056781e-09,25.1,89.033333
Bangladesh_7006,3.13331839563232,-0.9359818568174079,2.4137018188828,-0.00740093922904389,-3.5764205956334902,0.419844297302849,-0.594798627139696,0.03843401130265,0.41605184325551897,0.328860169043348,-0.54811050851262,0.592341761368224,-0.625488681725696,4,4,5.46352246200388e-20,5.46352246200388e-20,25.016667,89.31666700000001
Bangladesh_7112,2.92661705539214,0.12059949520896099,0.0954853567724059,-1.13884458786664,-1.8289832509502801,1.11138397514892,0.8480933934143772,0.5618287022863759,-1.7646598592908302,-0.390297766895864,1.21751136302135,-0.36625146724876595,-0.36274960935917794,4,4,5.0667402334582196e-14,5.0667402334582196e-14,23.65,88.6
Bangladesh_7114,2.66677461768362,0.642277273712778,-0.305563291079636,-0.536664752342294,-3.06386864603482,0.47669347441219895,-0.8358294766178009,-0.575773799064792,-1.3251035700023899,1.6916291131883299,0.361411710008731,-0.3973580699842921,0.576886663358512,4,4,1.5091211030131e-14,1.5091211030131e-14,23.9,89.133333
Bangladesh_7127,3.03227851651315,2.64232265014012,0.381294253658949,0.0345390474065044,0.183076267342551,0.575402496105719,0.8205099222002951,-1.54739232444271,0.505773234584026,0.9505082666930971,-1.15710984483929,-1.17154648547956,-0.461263817165151,4,4,3.29553282255292e-07,3.29553282255292e-07,23.5417,89.1833
Laos_Luang_Nam_Tha_6371,-2.5442105289176,-1.482646432886,-1.05775871002553,0.24956057130231898,-0.0182645065084555,-2.5352856045482595,-0.136917211521138,-0.0964758972974229,1.95168200746562,2.8804341696212297,-2.1093512685037403,-0.396815095768631,-1.90933801234723,5,5,2.51136521349609e-10,2.51136521349609e-10,20.964533,101.458333
Laos_Luang_Nam_Tha_6374,-0.66229307680004,-1.19778395385907,1.5893205232808603,-2.5381347807378503,1.1210494366438701,-1.08348341877017,-3.0475856846526,-0.0205465451107021,1.3494139967596799,1.6705505708314898,-0.7355814855176501,-2.05762479468245,2.22017470234444,5,5,6.135471239931251e-17,6.135471239931251e-17,20.964533,101.458333
Laos_Luang_Nam_Tha_6375,-1.5327796009722798,0.277910997532402,1.12302252853954,-2.24538021931205,0.367832224109605,-1.77789542945932,-2.32726848580964,-1.16043616576168,2.63645321570749,1.38991068954568,-1.77425683372062,-0.647425773643026,-0.8551956209818391,5,5,1.31367491170901e-13,1.31367491170901e-13,20.964533,101.458333
Laos_Luang_Nam_Tha_6376,-1.61013036936696,-0.12847441152321498,4.06805454028722,-3.0461816709589,1.0722326220251501,-0.874861669530008,-0.319402261606817,0.130559745363631,1.44379330594714,-0.4987502204420561,-0.427060162991595,2.2092027608676,-1.1163532660799498,5,5,9.42858625453816e-18,9.42858625453816e-18,20.964533,101.458333
Laos_Luang_Nam_Tha_6377,-1.60696166161966,-1.4823499795010802,1.9691342111036998,-1.51858445521385,1.59691330640677,-0.755048984555721,-0.6883572452416961,0.23665467671828302,-1.28490957014651,-1.60412322074808,-0.23466273642115398,0.4904477415682221,3.45378105099287,8,5,1.5377337909860903e-14,4.563923311622401e-15,20.964533,101.458333
Laos_Luang_Nam_Tha_6378,-2.50637138806491,-0.172785656333989,3.8431124980191202,-1.5991408127418998,0.9311934493349341,-1.6551987948046898,1.47468377924659,-1.3390556122157,2.08269263041112,0.0952306532067954,-0.0418876691797924,-1.38284735228219,-0.145068022579956,5,5,8.612632600944331e-16,8.612632600944331e-16,20.964533,101.458333
Laos_Luang_Nam_Tha_6379,-1.5011764009217399,-0.549408409379599,-0.418364508653284,-0.00158693976969615,1.0348277856366501,-1.88067516617104,-0.0517791330310403,0.42991009413639003,2.14025490155209,1.2671286104108601,2.1573230348354797,1.7527329393858302,-0.38235513608438,5,5,3.0591443149079804e-09,3.0591443149079804e-09,20.964533,101.458333
Laos_Luang_Nam_Tha_6380,-1.69941671544461,-1.2516199620600401,2.9502750907253397,-2.15763547226378,2.9272508603748704,0.155739826661517,0.19872809849395603,1.13748357519084,3.14072446650401,-0.32211894217397197,1.19116547110324,-0.680007386219708,-1.3581907182181499,5,5,9.3606161411336e-21,9.3606161411336e-21,20.964533,101.458333
Laos_Luang_Nam_Tha_6381,0.309216521413585,-1.7739920516898602,3.0642759621878097,-2.2395871060086803,0.0379931065469701,-5.1215111752668,-0.561558601850853,-0.218462347268028,1.7358075245008702,0.488504128261396,-1.4323852660070902,0.0739468677933924,-0.45417299209731293,5,5,1.9878970268246502e-15,1.9878970268246502e-15,20.964533,101.458333
Thailand_Chiang_Mai_6390,0.710273864554016,-1.87776903259314,2.0115378910961597,-0.9600743008146541,1.6921269399064198,-1.8753465108433998,-1.16890520701513,-0.4049935754247971,0.252312128154117,2.21487693363796,2.83911565729582,0.20000787481822,1.38943227297285,6,6,4.3325233073535395e-15,4.3325233073535395e-15,19.814883,99.11273299999999
Thailand_Chiang_Mai_6392,0.34326292489842,0.8307695191462091,1.4982589299466398,-0.7070949308001899,0.14960380739302098,-1.01995561980382,-0.620870838595901,1.57857377526194,-0.7980062069894291,1.7281600052456998,0.17764726278852302,-1.10377998467463,2.4394556972536297,6,6,2.10064907321988e-07,2.10064907321988e-07,19.814883,99.11273299999999
Thailand_Chiang_Mai_6393,-1.5112333230314299,-2.5780997649957,-0.181678840609249,-0.301578987032068,-0.86939567552989,-0.6313998675967449,1.58860513037577,0.21957443063286497,2.2096954160068,-1.93764097700479,1.57980496990555,-0.8089726125503409,0.19613035474124302,6,6,1.3424940328569702e-14,1.3424940328569702e-14,19.814883,99.11273299999999
Thailand_Chiang_Mai_6394,0.795075296267896,1.2476722600776202,0.918850186722542,-0.86868527559138,1.58082266925316,1.7064427420290602,1.0391408508562399,-0.457097358854561,1.8045983040394598,-1.53455360257267,-2.21256987929481,-0.39574367815274203,0.563761404537197,6,6,4.041811595628079e-09,4.041811595628079e-09,19.814883,99.11273299999999
Thailand_Chiang_Mai_6395,-1.3932579295632,0.152949282080613,1.4012262600921699,-0.9687427136487059,0.0571988517501517,0.0407962713167803,0.07413567702196901,0.346365694437764,1.61394061207923,0.45247016528894396,0.386007633331694,3.39294381817608,-0.463661153746202,6,6,1.47155434748288e-10,1.47155434748288e-10,19.814883,99.11273299999999
Thailand_Chiang_Mai_6396,-1.3128114273073301,-1.42809536109038,2.2341763101256498,-0.10273788634998302,-0.968996195955622,0.24778413028100302,-0.00544582873168209,0.9891803697083109,0.6517970822832211,-0.9843089587895459,-1.47257947416567,2.93527992653746,1.32779651424874,6,6,2.7105321016385898e-14,2.7105321016385898e-14,18.7869,98.988483
Thailand_Chiang_Mai_6397,0.5510713429611971,-0.8432381211753192,3.50367937535097,1.96326268877886,-3.0495714447405398,-0.449688969708133,-0.0937896233909837,1.18177142860302,1.8261305963941499,-0.7682115152422321,0.45195534787374,-0.394086097726504,0.699211740629398,6,6,1.8302285040306798e-09,1.8302285040306798e-09,18.7869,98.988483
Thailand_Chiang_Mai_6398,0.39372479927279397,-0.896807568617518,1.12948785574272,-1.50562002531842,-0.893642750803412,-0.9438355583861099,1.50220319660632,0.793811217292981,3.51971110722648,0.21816511057655902,0.9064310351487951,-0.49479930406335,0.931550157480119,6,6,1.37414822391822e-12,1.37414822391822e-12,18.7869,98.988483
Thailand_Chiang_Mai_6399,0.0389580843075717,-0.220593165907859,1.5593213885290602,-1.5375356420368098,-1.2744689459968102,-1.5345700447100499,0.0583542094650306,0.522309993806498,-0.778152201576138,-1.7160761604283499,1.94262318882553,0.0855112375366801,-0.260714772523917,6,6,2.30382424673861e-10,2.30382424673861e-10,18.7869,98.988483
Thailand_Chiang_Mai_6400,-0.5906810608781939,-0.9467695347711099,3.21957193509454,0.20450293844120604,-0.18630405880592701,0.105616263221092,-1.16659715247056,0.8629686968227321,2.65830697192613,-1.2349067125633102,1.7185681234655,-0.7664885175687001,-0.218776650139231,6,6,4.9062569805512395e-14,4.9062569805512395e-14,18.7869,98.988483
Malaysia_Kedah_6426,-0.180523844103232,-0.330436457753631,0.848362052145668,1.61500571519543,0.892906441658662,-0.66501983787999,0.391971817006786,-0.57799987068008,-0.8947486058958459,-1.7130897216849101,0.0513741827863815,0.9311645704480308,-0.384205217844378,6,6,1.09487707986957e-07,1.09487707986957e-07,5.872283,100.44955
Thailand_6681,-0.885313577052067,0.531209018953014,2.15349203387213,2.28409469396491,1.01793575785793,-1.8974703606856698,1.55772778965347,0.510233291150446,1.40144947080688,-0.143947707076692,0.674195870932845,-0.795960520342041,-0.87165727378691,6,6,4.37541956754294e-06,4.37541956754294e-06,13.663772,100.618619
Thailand_7080,-0.688555112016311,-0.662993568722798,2.0332685573710503,-0.9748394244197328,0.462298914052355,-1.77828155133535,-0.659736849725579,1.30129418262802,-1.06756424898352,-1.4452037076948798,-0.209575740268103,-1.74301518997217,0.996794830471486,6,6,8.05412776713106e-13,8.05412776713106e-13,15.870032,100.992541
Thailand_7081,-1.11988908184677,-0.7378857258216379,4.34148190927127,-0.13176232200984697,0.10984256661529199,0.532732023602645,0.0137303421276022,0.7139477065457791,-0.511913817642914,-0.0684022856164663,2.5238737357111605,1.93136238804525,-0.8144855600551439,6,6,4.48228392684141e-15,4.48228392684141e-15,15.870032,100.992541
Thailand_7082,0.522110598463344,-1.9968939710113502,2.96969825520292,0.805998482193406,1.29022490501973,-0.187607847094029,-0.23144944528032602,-0.536932608001308,0.588212862514187,-1.7472912875837299,0.36071646224778003,-0.566551256280951,1.0997998452694802,6,6,5.97407042568147e-16,5.97407042568147e-16,15.870032,100.992541
Thailand_7083,-1.261226877623,-0.33669685460384496,0.8468238164974742,-0.119884515584691,2.7142860178427006,-1.17584420026146,-0.46031029587720296,1.2596428614588102,-0.5361006702583679,0.784530488544665,1.2687961772706398,-0.143781685611057,-0.39414051769905395,6,6,8.244119965273179e-11,8.244119965273179e-11,15.870032,100.992541
Thailand_7084,-1.6892232635608402,-0.8619635060983409,2.5099349616906603,-1.3407664493340001,-0.36140159999114796,-0.662139828869666,0.7882041332917249,1.9633745916293999,-2.45560883027817,1.9884270932147,-1.5434340125417803,1.1650314725331201,-1.0559987263011898,8,6,8.29010434511358e-16,1.07284577678965e-15,15.870032,100.992541
Thailand_7085,-1.59057575009094,-4.567755870009139,2.6371469826461498,1.03624480786897,-0.206155876387613,1.86179799119012,0.619405908529302,0.8191640012063579,0.22550639298487,0.0870439537662362,1.1553175088998602,-0.5267544813288629,-1.2805768948742802,9,6,4.4751079138677594e-08,3.2283170746532e-22,15.870032,100.992541
Thailand_7086,-2.8008266774764503,-1.21845187800677,1.83179964074049,1.83857809823513,1.42649947517921,-0.38090803238655,-1.8114936114362499,-1.4427912073125901,-0.010818851396849002,0.152624157644809,0.478180842712258,0.0681886826976685,1.93152743154891,6,6,6.91992848154514e-12,6.91992848154514e-12,15.870032,100.992541
Thailand_7087,-1.0370248822239498,-0.6290792086634921,3.4997218840597797,0.31009040075428995,2.03225578716414,-0.737242495574812,0.5989585411441429,1.48429099649748,-1.92348662039084,1.6000456050924998,-1.50860510012593,-0.7281690352638821,-1.1533165443297602,8,6,3.55551641506243e-16,1.71831492002311e-14,15.870032,100.992541
Thailand_7088,-0.6534345307370779,-1.72796199329992,1.79232999827013,-0.164930683951865,1.3379846173578,-0.0146874955757617,0.7331637078633291,1.5595540969523103,-1.3907617764556799,-1.1472762409672699,1.72508303761991,-1.9938429059821798,-1.3474504003191101,6,6,3.2906197638863097e-15,3.2906197638863097e-15,15.870032,100.992541
Cambodia_Krong_Koh_Kong_6382,-1.32895078830015,-2.03806378714337,1.8993070561010101,-2.24264902641365,2.01964090285069,-1.15317469141483,2.2322212501601,0.5612879372481601,0.644263491556354,-1.6335039396050701,-0.7302940321363391,-0.979953895888021,1.11078961082824,7,7,1.21056211905434e-19,1.21056211905434e-19,11.653367,103.403683
Cambodia_Krong_Koh_Kong_6383,-0.213813963699209,-0.10523123251515801,1.8689916295749598,-0.0102368568091475,-0.6216243129035921,0.735687101015968,-0.588691944015552,0.26660558454007,-2.64973694992478,-1.95745840732352,-0.860196938556841,0.11704844196028698,-0.19966734147836998,6,7,7.40505886308657e-10,3.47375538163017e-14,11.653367,103.403683
Cambodia_Krong_Koh_Kong_6384,-0.542682480513948,-2.54041574129947,2.06760337939072,-0.7595241470182009,0.899330100060662,-4.2092395329136005,2.21313964593052,-1.8900927203909998,0.025136551891,-0.0266717920836351,-0.348842887698346,-0.0790402520400381,-0.171078488791028,8,7,3.66587476237255e-11,1.88795078973129e-20,11.653367,103.403683
Cambodia_Krong_Koh_Kong_6385,-1.5997019218654298,-1.01974659171199,3.5686491248784,-1.1515766477473601,0.87727698117651,-0.943254912345542,-0.00569247413188406,0.0828606852148599,1.74166101660606,-2.43628038789032,0.698221813286806,-1.90115967530664,-2.32107014867081,7,7,1.1269588748613398e-22,1.1269588748613398e-22,11.653367,103.403683
Vietnam_7063,-1.54891315963069,0.5069642671415311,4.18052569911853,-0.00662689919801807,1.1047235014656498,-0.496386115517349,1.5717340859436002,-1.41652993692402,0.28404126470354496,-1.4093508738148002,0.3945105743010511,-0.0505108487113853,2.55617295215434,6,8,8.68820907953616e-13,1.1902615762114698e-09,10.028382,105.76592600000001
Vietnam_7064,-2.33933554738115,-3.0973245455602,3.9740351253755803,-1.23531423178781,3.90312933303819,-3.18012035781893,0.330579135819622,-0.28880826918079805,-1.85480919914348,-0.48864641696109296,0.0287872759920489,0.594252351183084,-0.10732987122811999,8,8,2.8578018343683896e-22,2.8578018343683896e-22,10.028382,105.76592600000001
Vietnam_7065,-1.2887345811903301,-4.0657769644931605,2.29265202312563,-0.766741025664451,-0.0862651829661206,-1.9753817677039298,1.73215195409966,1.69233736712287,-3.15455250214894,1.9810497827091202,-1.60789667101753,3.00923902007064,0.05926528053515901,8,8,2.6276802028141606e-17,2.6276802028141606e-17,10.028382,105.76592600000001
Vietnam_7066,-1.21492434072099,-0.812744088180923,2.0236931526013704,-2.95887548015848,0.9710872172113441,-3.32978264163647,1.21688543501121,0.8968936447890741,-0.266372447785356,-2.80258319762707,-0.6524646028025091,-0.6647984724933471,1.92197863301205,7,8,8.19337036587942e-21,5.35004162673221e-16,10.028382,105.76592600000001
Vietnam_7067,-1.26127009157364,-2.3608895518773503,2.24615991490704,-2.01382238482703,0.330134585364624,-2.7902429456304803,0.8707576643703729,-0.106308911119304,-1.65053017763401,1.0169142224596799,-1.16697433073194,1.3322394318330701,1.1871669314006799,8,8,4.1495504061183e-15,4.1495504061183e-15,10.028382,105.76592600000001
Vietnam_7068,-3.68297991101233,-2.85524994537906,2.9866765658356296,0.25172042224974,0.501438517084893,-2.96587479005826,0.0748481911201842,0.44967724007964394,0.22810415486819302,0.17438838195918802,-0.772351357573476,-1.73246599676229,-1.5333299207862903,8,8,1.8139296265173498e-19,1.8139296265173498e-19,10.028382,105.76592600000001
Vietnam_7069,-1.9601206728701699,-1.7254113913009501,2.9345813377639502,-0.932834064845322,2.47445567777742,-1.27703648233931,1.3906875174842301,1.7616868466963602,-2.1722188951492303,0.6125889424641551,2.00513167144751,1.70426681069557,-1.19825621275558,8,8,4.74376619703401e-19,4.74376619703401e-19,10.028382,105.76592600000001
Vietnam_7070,0.23495774041341302,-0.924623620399661,2.8869138539916004,-1.29636752231443,-0.894876988065464,-0.6843777810633199,1.65216841756195,-2.33567250613353,-2.03848261116252,2.8700878778911205,1.0194278182624399,-1.01932002485279,0.697284455983281,8,8,9.18903912907591e-06,9.18903912907591e-06,10.028382,105.76592600000001
Vietnam_7071,-0.8731716910373759,-0.8397398873154209,1.45750829142468,-3.3044548704672905,-0.909700410472542,-0.868017465535164,3.11400771206028,-1.67583796857709,-2.8129705324902896,-0.46003475320191206,0.0163726242827167,-0.9508307531362771,-0.411177265119867,8,8,3.25114698767672e-09,3.25114698767672e-09,14.058323999999999,108.277199
Vietnam_Cat_Tien_7176,-1.19040942380109,-0.16355390578851198,1.98917072601169,-0.342639739557674,2.7174429672082203,-1.4036906623632899,1.3730728607904898,0.79230470609927,-0.00248455110909645,2.21916630687786,0.00966143518538506,1.45820112130246,0.113871483545819,8,8,8.084417162231459e-15,8.084417162231459e-15,NaN,NaN
Vietnam_Cat_Tien_7178,-1.70883137784888,-0.964951376429649,1.82020347635544,-2.6205291479607404,-1.69339791491981,1.8850425766941301,0.0547178303340781,0.8831824346971829,0.254806167773849,0.236800857465547,-0.8775383756810601,0.290176163054104,0.000344153615649656,6,8,1.55602801270013e-15,8.10699217537528e-09,NaN,NaN
Vietnam_Cat_Tien_7179,-1.61264053635358,-1.58305596020993,2.13358259665412,-2.12084333889171,1.9550935243754097,0.37940100834222995,-0.25378223373079,0.776531211127431,0.15409307005573902,1.1177563894051399,-0.27945190269355497,0.25837229022103797,-0.891611914660842,8,8,1.1513893482183902e-14,1.1513893482183902e-14,NaN,NaN
Vietnam_Cat_Tien_7182,-0.7750335346381091,-0.33578915798791303,0.47745707300752604,0.43689507380783,-1.07699564904628,1.09690164945516,0.966040702392183,0.9190774815209108,-0.423977712530307,0.6534382844892939,-1.4679768091035899,-0.575306452883437,-0.336922354256344,6,8,3.69378443544689e-08,5.18049491831792e-08,NaN,NaN
Vietnam_Cat_Tien_7183,-0.11187397500518902,-0.35483736008228994,4.03852628051381,-0.0455267548441675,-0.47549787249257797,-3.8442967663494105,-1.07709365417973,0.8198203394875759,-0.8526131161004971,-0.854206499831606,0.483197771265613,-0.249923140797658,-2.93798497315356,8,8,3.2968105903644e-11,3.2968105903644e-11,NaN,NaN
Philippines_6448,-1.12852195912808,-3.65743723943624,2.2239741978805,5.654797232577901,-0.23730680977278698,2.47879794099808,0.0130393999185646,-0.8314277921700641,-0.0038735809431655797,-0.7516740215390151,-0.38889456815874396,0.561397144197176,-1.0060746219257801,9,9,2.91904014412987e-16,2.91904014412987e-16,12.879721,121.77401699999999
Philippines_6449,-0.9216446172493659,-4.48483125448103,1.3515579644411,6.82344241580784,1.21385004449025,1.55232225756183,-0.961270620563021,-0.453273665687716,0.27543314994464696,-0.25514228243217396,-0.583379507179119,-1.03732588135884,-1.02258870682732,9,9,2.0940341282786298e-21,2.0940341282786298e-21,12.879721,121.77401699999999
Philippines_6450,-2.2172758956764502,-5.762077576153961,0.6075348126807671,5.55477851533079,0.503554953348103,2.16426381817083,0.29909814016213,-0.642551669012375,-0.333309045224356,-0.285497396880174,-0.0604173731571878,0.9004982560166441,-0.723936751980457,9,9,2.9194535145077296e-23,2.9194535145077296e-23,12.879721,121.77401699999999
Philippines_Batanes_Province_7093,-4.12146653084037,-4.0608758750586595,0.693236780769649,4.26207525813573,2.5899756502085802,1.29978091122891,0.611814143563676,1.06216599048389,-0.0945330608772387,0.804243976089063,-0.614695311704022,0.244180105263559,0.30001935015097,9,9,4.86393799354971e-23,4.86393799354971e-23,12.879721,121.77401699999999
Philippines_Batanes_Province_7094,-1.8000952925415803,-4.2367024838413,0.8683841591179979,1.18490863320062,0.31904668742244796,0.39324742325508294,0.175902176928373,0.65650523460295,0.324245124597546,0.75656007627683,1.7187585455501202,-0.22299315332326003,-0.43428458054718705,6,9,1.77223371646531e-18,1.22095728222074e-08,12.879721,121.77401699999999
Philippines_Batanes_Province_7095,-2.57837282949948,-2.49056094825212,-1.10392564690644,3.1040237204178602,1.4060345328458101,1.6222792615229198,2.03616267675585,0.539903891321421,0.9484179689013241,-0.262803390156434,0.994001248517083,-0.0165741944752875,-0.21747440941541002,9,9,1.5407892421136299e-12,1.5407892421136299e-12,12.879721,121.77401699999999
Philippines_Batanes_Province_7096,-3.03542888818147,-3.8553150156367497,0.265607553318621,2.43117381692575,1.4549672382982,2.06141223016586,-0.185050186559843,-0.270403772164124,-1.08510630431466,-0.657235576340597,-1.83260635159666,-2.77597718584019,-1.5398921804277501,9,9,7.80229573313132e-15,7.80229573313132e-15,12.879721,121.77401699999999
Philippines_Batanes_Province_7097,-5.27281018921721,-4.2305516577726,0.0978971372713513,3.60338957225014,-0.46772063639390504,0.882849470116962,-0.32144734052974394,0.0172645032441711,-0.967459685436503,-0.139141294784067,-1.19235226559593,0.200001629240552,1.03445941514308,9,9,5.22673154223366e-21,5.22673154223366e-21,12.879721,121.77401699999999
Philippines_Luzon_7098,-2.3562088044253398,-4.683538572163401,1.83444184608159,6.8571853374600895,0.619510597619311,2.6878119819965898,-0.16919261345941297,-0.968095836282103,0.0823452118958706,-1.74734727649098,-0.18746849033680202,0.384182456904236,0.008559327792337191,9,9,8.450214995803458e-25,8.450214995803458e-25,13.755,120.92200000000001
Philippines_Luzon_7100,-1.7747711615357,-4.701139748337059,1.37582740838751,4.5284279213606204,-0.24614283123366895,1.75737751630961,0.8313678637541642,-0.124483192519883,1.42594219765982,1.21975581594388,0.9498379624998671,0.380964166745544,-0.00785602845343214,9,9,5.991699205069549e-17,5.991699205069549e-17,13.755,120.92200000000001
Philippines_Luzon_7101,-2.11258883562651,-4.12747262901268,2.16093318262139,3.87764631946387,0.34657740941050896,1.04766217250557,-1.30919208102773,1.00637687729009,-1.05529088964101,0.9539781585759759,-0.7901430414840859,-0.559364451089434,0.0331388025524576,9,9,3.5193467052808602e-15,3.5193467052808602e-15,13.755,120.92200000000001
Philippines_Luzon_7102,-2.51708177107867,-3.7490263289910697,2.79751678473894,4.27221906042198,1.5981847942283502,1.25021135844632,-1.2687067986228702,-1.28770562001048,-0.159188552561702,1.12091305493677,1.195592410949,0.708112434267328,0.8833546270644541,9,9,4.3280817727757295e-18,4.3280817727757295e-18,13.755,120.92200000000001
Philippines_Luzon_7103,-1.5663866319004598,-4.94465740350578,1.76244257741101,5.96162788139457,0.6543800642940321,1.43655275356712,-1.21028804588874,0.344018879780635,1.19339734413374,1.05656733319026,-0.540646507900752,0.42752561595017896,1.3263115010603999,9,9,4.63540008904626e-21,4.63540008904626e-21,13.755,120.92200000000001
Philippines_Luzon_7104,-3.17301799680551,-4.24119939445531,1.16934998166509,5.98899314131449,-0.41858689515276903,0.712983892506643,-1.1157011791900902,-1.0629786474554002,-0.8021485020417141,-0.00148861293529018,-0.913445725234285,0.246027022038488,1.00078034464922,9,9,3.93597433763345e-22,3.93597433763345e-22,13.755,120.92200000000001
China_Jinghong_6683,-0.5472839790113471,-1.33966146007312,1.59815561710406,-2.4922047361687203,1.6428476977412299,-1.2636233262714098,-2.00447462428952,-1.59930635169411,0.5808484906477591,1.22786513706203,-1.00919270472639,-0.267029035838349,-1.74159687641639,5,10,5.80558811873795e-17,0.898449203741264,22.1308779157698,100.67274402827
China_Nanning_6689,-1.3912658003376899,-1.07789703065121,-0.473087057559492,-2.29010925456583,-1.11299267914575,-1.6236272332566801,-2.50339118977413,-1.34296751374933,-0.683071011756915,1.10464445222256,0.0833192517478009,0.8405275881106999,0.587637852234001,10,10,0.000353414290611602,0.000353414290611602,22.9674831312149,107.63610639609301
China_Nanning_6690,-2.76819748155147,-1.38181619968719,-0.17366536421589798,0.8211833331827401,1.15123260641198,-0.946123071222898,-2.41736354544636,0.47956227753256603,-1.5396134667316597,1.09836831440611,-1.26808802239079,-2.35334486120619,1.0999817573833002,10,10,0.000318172938422536,0.000318172938422536,22.9674831312149,107.63610639609301
China_Nanning_6691,-2.2675016616013997,-2.56234646121396,-2.09082330032314,-1.86357006882562,1.19012178972622,-1.6972706156271202,-2.31171838768243,-1.65597162711716,-0.573233665520802,-0.716772709977833,1.54430729659934,1.59806685188238,0.0738446337206534,10,10,1.40160998689246e-06,1.40160998689246e-06,22.9674831312149,107.63610639609301
China_Nanning_6692,-1.67775114889343,-0.37958976473501294,2.18815283136802,-1.22485763078387,-0.528568778677946,-2.25942476711321,-2.51712983720335,-1.4522733331218898,0.30087443858479196,0.9891501136988791,0.27861948415746396,1.06128915368905,-1.23351399288994,5,10,5.82878262118743e-12,0.552026616508077,22.9674831312149,107.63610639609301
China_Nanning_6693,-2.67059514977994,-0.28821326844794604,-1.10756669508583,-2.13038528417218,1.38795108258317,0.292738208282024,-2.54209042322955,-3.0409085625521803,-2.18181543879918,-1.8888214441638702,0.780450404049938,-0.499702421928595,-1.54851633751193,10,10,6.377861382176e-08,6.377861382176e-08,22.9674831312149,107.63610639609301
China_Nanning_6694,-2.01704680108917,-1.3627049079660902,0.964639347936758,-0.772333631433002,1.5913920544213402,0.47614420357312703,-1.38508802538273,1.29930195689535,0.44808498106072997,-0.348336908916842,-0.9757798822837029,-1.98374544805197,1.5017013047370702,6,10,3.3598867763040404e-15,0.14773631797064302,22.9674831312149,107.63610639609301
China_Nanning_6695,-1.07726818967648,-2.06343161835986,-1.1149390005384,1.03207932194702,1.63190271092435,-1.77334715129739,-2.36787572410956,-1.5807842024496799,-1.08183079844909,-0.18353287575776503,1.0535562409942298,1.47538679563872,0.806162644971535,10,10,2.2870221280597803e-06,2.2870221280597803e-06,22.9674831312149,107.63610639609301
China_Nanning_7174,-1.52126946991301,-1.46173052627961,-0.34968317900916196,-2.20990868989737,-0.857681951541235,-4.84694896250993,-1.2975694059293799,-1.53494536080229,-0.7986734906942651,-2.3420258751390097,1.0012867745938498,-0.9185060643323021,1.3715660466342,10,10,0.000189665851273126,0.000189665851273126,NaN,NaN
China_Nanning_7175,-1.1876146586041398,-3.02945615607494,-1.3988043759536999,0.0385495799085677,-0.469550064588591,-0.16842032667839496,-0.5280359544821199,-2.13284957874804,-2.57254289552947,0.447647857690301,0.640692779458515,0.21499792357671998,-0.12013776190266401,10,10,9.14127826146615e-08,9.14127826146615e-08,NaN,NaN
Taiwan_6790,-2.70604304372992,-1.72664501877608,-3.3326277100747697,-1.04110930213369,-1.9576562794302699,-0.355707996659574,-1.346803197002,-0.0128643565645086,-0.37589022381329107,-0.658345419483147,0.40159712638816997,-0.503113591373526,0.91357434242736,11,11,5.357372227209961e-09,5.357372227209961e-09,23.566122,119.58615800000001
Taiwan_7010,-2.53203841445319,-2.66870396570739,-3.1329890975101,0.470305082943118,-1.9698304626291498,0.483130787066485,0.895525730399078,1.01132019249777,1.07962970196424,0.0999290121424256,0.9266509452258921,0.0996484153801291,0.0614805087447063,11,11,3.59761207452558e-08,3.59761207452558e-08,23.83579298,120.747836
Taiwan_7012,-4.14939799676472,-0.314968343299145,-3.44362286782946,-0.0830785496319854,-0.47489637524183503,-1.43193030461501,1.08734559357257,1.79099883807258,0.726251244614872,-0.17936423032584398,0.41914302597496206,1.3515514235849397,1.86965421320481,11,11,4.47310983511876e-09,4.47310983511876e-09,23.83579298,120.747836
Taiwan_7013,-0.937475874944631,-0.473618879629706,-3.52817838004309,1.7997327746533602,-0.9438031116528249,0.284640636318401,-0.617957377864547,-0.35212222793020503,1.2705968709928899,-1.26961271821805,-0.39768885713987606,-0.16899608362063698,-2.12107221021618,11,11,1.75705339218104e-05,1.75705339218104e-05,23.46029696,120.55295500000001
Taiwan_7014,-4.79443350788426,-2.0507783068433003,-3.69101529161641,0.6851644998726921,-0.65450044029617,0.539413495544105,0.33106213212012897,-0.27882871682248805,0.8875667447145631,0.15404175927847502,-0.8037217911245941,0.342528488269315,-0.364683649904428,11,11,4.00714602698839e-12,4.00714602698839e-12,23.46029696,120.55295500000001
Taiwan_7015,-4.46601902296012,-0.8925318340299829,-4.5195805708604,-1.65872954138104,-1.29879554414016,-0.13997533167877801,0.0894476261562545,-1.16964646369303,-0.0962576068991244,0.34404062963739396,0.826171832129817,1.3312766848668998,-0.0932987768367864,11,11,5.97561973522626e-14,5.97561973522626e-14,23.46029696,120.55295500000001
Taiwan_7016,-3.74697598634252,0.0479891956640945,-3.83627585210343,0.129322256571561,-1.25657879803214,-0.644430909263766,-1.04183661934918,1.0032063513427198,0.0296194429453836,0.161667578450121,1.2791215121778998,1.72834688735297,2.0572779333174,11,11,1.24084879648946e-09,1.24084879648946e-09,21.95452603,120.721977
Taiwan_7017,-4.033413860257681,-4.0601778757296,-3.04638231875531,0.221267663375737,-0.91611812880723,-1.6506568660615302,-0.4522512751186071,-0.0935585539994695,1.5408434339273402,0.408493219578141,-1.04013252764625,-1.2894489577877701,-0.5084278874203301,11,11,2.65737172511104e-10,2.65737172511104e-10,21.95452603,120.721977
Taiwan_7020,-2.75615335838139,-2.69086802482394,-2.37521118874136,-1.3962343093643201,-1.14530814178332,-1.8269289642956599,-2.3011578355100397,-0.599789924787038,-1.60613019729699,-0.41538852099865997,-0.296296615394274,-2.34064243835502,0.48683801198930504,10,11,1.1684838411394902e-07,9.412023996524061e-08,23.82513396,120.766939
Taiwan_7022,-3.6360028975704997,-2.26120025366438,-4.17162579865109,-1.1347598249634299,-1.24011980534864,1.47108907483163,-0.8104212728896271,-0.42727580332077897,1.6182753097861897,-0.0574083174950881,0.527491950295685,-0.0679099190590349,0.61306042842558,11,11,3.34904658828533e-12,3.34904658828533e-12,22.027478,121.5824
Taiwan_7025,-3.88346373438879,-2.73133304382105,-3.00462490904364,-0.0057574344967527705,-1.3447091173171397,1.22879676129049,1.1400458353078202,0.544139655929467,0.8448588273021829,-0.49281710882949503,-0.43402063348356895,-0.34175371405468896,0.5739386882416729,11,11,5.03823745444855e-10,5.03823745444855e-10,22.027478,121.5824
Taiwan_7027,-5.260252362981401,-2.18405397799563,-3.3348179906510698,-1.57251195782924,-0.327247663771639,-0.2582009394905,-0.628394000522598,-1.26419941082771,0.43304112915528403,0.46781739696738706,-0.313878352543533,-0.5217162348401501,0.804363984299266,11,11,1.90551053114145e-12,1.90551053114145e-12,22.027478,121.5824
Taiwan_7028,-4.39503753261244,-0.66274267554613,-4.088734892414959,-1.50855259867256,-1.67127928295652,-0.48893021977675105,0.80151452532966,-1.01749473442097,0.377317156493733,0.20184349165017001,-0.507264764445543,0.6974758701163251,-1.63065143224846,11,11,2.5888677890481e-13,2.5888677890481e-13,22.027478,121.5824
Taiwan_7031,-2.40099439400261,-3.8070988095446605,-2.2428392617706803,-1.78691594263027,0.5031490660139821,1.38701947605039,-0.24609255622865603,-1.06331784408303,-1.09870721339324,-1.05113215920813,1.20215351635389,-0.0583038801699234,0.32383097382784304,11,11,2.8366741043426498e-06,2.8366741043426498e-06,22.027478,121.5824
Taiwan_7033,-3.23559312433289,-0.8880790569369301,-2.09583285409572,-1.92255412210975,-0.6417682731457099,1.07373737543668,0.36371304520095504,-1.70734431095727,0.275852560216633,0.337480078479827,-0.48583688839211603,0.745323544421965,-1.0714301559019899,11,11,2.5017461405275997e-07,2.5017461405275997e-07,22.027478,121.5824
Taiwan_7035,-3.9963719902894597,-1.47141812476899,-2.9861271497925697,-0.0880826614833567,-0.970776878896111,-0.0531473547664096,-0.0131748885101376,0.131956470700097,0.805267097711824,-0.0422095098387509,0.24090517578227102,0.0161149285755825,0.932676595005318,11,11,3.72207110512973e-09,3.72207110512973e-09,22.027478,121.5824
Taiwan_7036,-4.68414114649103,-2.18910722366414,-1.51090648436196,-1.1317691167357802,-0.32153962801690505,-0.8030179536853149,1.25937148626621,-0.0390807010511381,-1.02014596607901,0.404090434809508,-0.46482776537023,-0.0212650618676294,0.37158949779270595,11,11,1.57536752857903e-07,1.57536752857903e-07,22.027478,121.5824
Taiwan_7037,-3.2470767366567794,-0.9570597137365121,-3.6638619765662797,-1.9321391198660702,-0.385197381621676,-1.06323079939628,1.1121380500648301,-0.0257269998796434,-0.36993669574122995,-1.7009054170698799,-0.471089229842574,-0.475081312180311,-0.127584766202795,11,11,7.961723652178411e-10,7.961723652178411e-10,21.99006798,120.84883500000001
Taiwan_7038,-4.234409446404491,-1.8580394345787798,-2.55842427836735,-1.60850742279118,-1.3968651783975903,-2.2548416618917404,2.77161325240166,-0.16214620785381198,-1.91227886704704,-1.16309678210151,-0.28025595121119,0.617763752422039,-2.1137140349207,11,11,7.99403696111465e-10,7.99403696111465e-10,21.99006798,120.84883500000001
Taiwan_7041,-2.60227155546684,-0.737881791483859,-3.3401075498844506,-0.4655534354290479,-1.72523863020874,0.7521905773128879,-0.68036772630104,-0.339164153526334,-0.35218980162373403,0.4126243105503621,1.09718431083451,0.5310041059887489,1.9090168465198702,11,11,2.31882089713838e-08,2.31882089713838e-08,21.99006798,120.84883500000001
Taiwan_7042,-3.94145717966173,-0.251010682789788,-2.3301527393159,-0.739409407449242,-1.81271696103804,-0.406796868155248,2.3163519807784,2.52191760328909,0.8413117379556591,-1.1481850179573798,-0.432974669238195,-0.524622514761986,0.56207124655719,11,11,1.42115454973243e-07,1.42115454973243e-07,23.82764996,120.802163
Taiwan_7044,-3.54276189903726,-2.91736464236787,-2.2908328328291803,-0.249630899937627,-1.6344990574971399,0.7729358724117491,-0.5548316710538461,1.8115735236574502,0.5295921124792721,0.38433223170659103,0.7243576507273729,-0.15447411717322,0.924444291897821,11,11,1.1491208185362198e-07,1.1491208185362198e-07,23.82764996,120.802163
Taiwan_7046,-3.632746751771,-0.178601720624609,-1.648998894294,-1.7962792014437101,-0.6539699639919879,-0.0531883453215278,2.2414260769887004,1.16519410017907,-0.253632430786165,0.389157913368276,0.8222713546611721,0.609619071384908,0.323055285399537,11,11,1.2474606435087e-05,1.2474606435087e-05,23.82764996,120.802163
Taiwan_7047,-4.448721615008201,-1.93001743410806,-2.9636159063813996,0.49172429469585605,-0.9858180040823009,-1.00363221954873,0.428560805828892,1.85222132193865,0.968058810997538,1.23592343847974,-0.5066491014525359,-0.368993652368479,0.34945173749684805,11,11,1.42288653029537e-09,1.42288653029537e-09,23.48046399,120.652267
Taiwan_7048,-4.3626124212486,-3.06376723401748,-4.19024730997787,-0.6551055526091429,-1.32520389626534,0.749646521441941,0.5327606200300179,-0.607823420422963,0.9212041795803492,0.96328225630732,-0.174235429398408,0.49045573681341104,-0.171217527103954,11,11,7.660313283113789e-14,7.660313283113789e-14,23.48046399,120.652267
Taiwan_7049,-5.12199166237532,-1.6281628865075202,-2.52366789071186,-0.623759792354647,-2.102420428738,0.152378120150962,0.44687220387429605,0.723675109663189,0.302005206395138,1.47391340606627,0.670595737789687,0.226719928981024,0.28002686168160995,11,11,1.22667498493985e-10,1.22667498493985e-10,23.48046399,120.652267
Taiwan_7051,-2.86695807809163,-1.04270941601861,-2.868775446125,-1.4782603302473998,-1.7548497319724599,0.6808875263328721,0.656004003304838,0.764106189208913,0.6872453201799751,1.18874295158475,-0.178517368104923,-0.7063598051334811,-0.874320515060152,11,11,1.79657995088119e-08,1.79657995088119e-08,23.48046399,120.652267
Taiwan_7054,-4.1351687388424905,-1.097397589741,-3.9153727113067798,0.538187555906264,-0.7034067110680551,-0.0603652833994088,0.611652583547927,0.9590885879083649,0.23903268841536202,-0.9800959170147591,-0.304366199985118,-1.12191908598996,-0.7865492233988031,11,11,5.7266397035230896e-11,5.7266397035230896e-11,23.82786001,120.77470100000001
Taiwan_7055,-3.4262105739640405,-1.2304542318251102,-1.40142591731282,-0.26061921058932996,-0.870139978127383,1.63942960413113,1.00189775994169,-1.48107289908286,-2.13330190193925,-0.5885216981905401,0.6734550033396051,-0.220366752990374,-0.28444875195375396,11,11,1.07649231052633e-05,1.07649231052633e-05,23.82786001,120.77470100000001
Taiwan_7056,-3.6160674977142397,-3.3233987596281005,-2.1422171377963104,-0.809402584899364,-1.09267572243634,-1.15542335841799,1.28436332715994,1.41596907658,0.825702771910603,1.7383129515729099,-1.6435706903131002,0.211258596203774,-0.364492672542794,11,11,3.89841744720191e-08,3.89841744720191e-08,23.82786001,120.77470100000001
Taiwan_7057,-4.38241747613704,-1.5546865059330601,-4.50522368318438,-0.084608451734707,-0.9712090790522891,0.207945405439733,-0.404880692002531,-0.781792036911109,-0.626591282242547,0.40570494636402293,0.5470743670192241,-0.7211333269070721,-1.59044938636469,11,11,1.61302962180968e-13,1.61302962180968e-13,23.45940102,120.535248
Taiwan_7058,-2.9270731651937596,-3.2617606036524904,-1.21561527709262,-2.27091167296193,1.0243862725533501,0.523910875235324,1.26283590869976,0.72486696957586,-1.0361154514006898,-1.22169791013449,-1.06975777795093,0.39723197496094503,-1.4538677383853502,11,11,0.00012471433683760802,0.00012471433683760802,23.45940102,120.535248
Taiwan_7059,-6.11829508095318,-3.2616663461739503,-2.38217853243851,-1.03425790700243,-0.17070142409069003,-0.660669487356344,-1.08449233418728,-0.9610497266039699,-0.0198361539858943,0.238153793324412,-1.14377670346794,-0.314608330456091,0.910248536979052,11,11,1.03337513232284e-11,1.03337513232284e-11,23.45940102,120.535248
Taiwan_7062,-4.28224846258413,-0.488507162134401,-3.8669210232452,-1.2197081691647098,0.163094434823918,-0.95634511292823,0.158959713302214,0.184473826720559,-1.19865942942469,-0.6238382442741371,0.8990874681369899,1.00911205180486,-0.7505324647530881,11,11,8.708162925897359e-11,8.708162925897359e-11,23.45940102,120.535248
Hawaii_Oahu_6307,-2.24553164064594,4.74273725152818,0.5830895028998361,0.404534938848164,1.21039734632129,2.25388321876829,0.7818976011040271,0.9700355767426659,-0.254896925717409,-0.6256226687398271,0.39020909034888,0.734241693343578,0.0193865949810113,12,12,6.118305800886229e-14,6.118305800886229e-14,21.375116000000002,-158.044297
Hawaii_Oahu_6322,-3.27330774441063,3.57558040915363,0.0577440114388139,-0.811345248634782,1.3076124304086498,2.2102087784215696,0.0120238715660731,0.6444411505462629,0.15190162964306303,-0.203032407270809,-0.7911286627563628,0.358143166785017,0.310398997694829,12,12,6.93080533945858e-13,6.93080533945858e-13,21.375116000000002,-158.044297
Hawaii_Oahu_6324,-3.36427827046327,3.2890053043099505,0.24698698471767605,0.140413184192337,2.01870592677556,1.38160281311184,0.516155324566729,0.0510705161913811,-0.261734024794317,-0.7650363846466001,-0.169053480404991,0.196068972178643,1.1047748148316499,12,12,3.8246422196546295e-11,3.8246422196546295e-11,21.375116000000002,-158.044297
Hawaii_Oahu_6327,-3.34362307830595,2.92078899898983,0.707306396388295,-1.13570218303277,1.55346413608625,2.0135279311139302,0.877924877804641,-0.243385738017256,-0.46745544418578006,-0.7074352011498259,-0.334917216185312,-1.1404084676589,0.488924920871939,12,12,1.52384447815322e-09,1.52384447815322e-09,21.375116000000002,-158.044297
Hawaii_Oahu_6333,-2.47504687985856,4.86841780079584,-0.388314819828415,-0.81848594483148,0.7878384386002141,1.90712751006454,0.8502444229423299,-0.5176083498976121,-0.60641067802344,-0.39103077342798603,0.0140111526668857,1.09691408024878,-0.0382752869331531,12,12,9.263932410007851e-15,9.263932410007851e-15,21.393589000000002,-157.97663300000002
Hawaii_Oahu_6338,-3.8639145408587003,3.24011594195958,1.7205076530761698,-0.8105280309904781,2.03020874206688,2.15786569375505,1.73716917404864,0.466157200444872,0.163838880355029,0.0877873167011066,-0.42642452309115997,-0.3939620956773,-0.0564278667336917,12,12,1.70404413405318e-10,1.70404413405318e-10,21.393589000000002,-157.97663300000002
Hawaii_Oahu_6342,-3.4170034411529704,3.22157093396863,-0.512202188898834,0.279726440115128,3.0629062885817997,2.5057250242686604,-0.965409804022154,-1.19567070686904,-0.05148202426532,-0.291308203769592,0.573595649923224,0.0708879962835348,0.942358017799962,12,12,1.8293372608861598e-14,1.8293372608861598e-14,21.68204444430874,-157.96341111125832
Hawaii_Oahu_6346,-4.8560031682755,3.57079520581133,-0.5750722966946371,-1.10330514491373,2.52935938453693,1.0313832030160102,-1.4422524745065302,-3.19197193023437,1.09845786293206,-0.401168759353026,-0.148194031754281,-0.0857758303354953,-0.00431368664172216,12,12,3.9036237998605e-14,3.9036237998605e-14,21.68204444430874,-157.96341111125832
Hawaii_Oahu_6352,-4.12425154676857,3.0957216227313102,-0.488368406466541,-0.18811859563415098,2.8509644725463996,1.3389674093173898,-1.19163488572084,-1.2828071946597799,0.22810585795661603,0.909223539464086,-0.6921301772178149,-0.305622846864079,-0.517780263304243,12,12,1.5563070995729402e-13,1.5563070995729402e-13,21.68204444430874,-157.96341111125832
Hawaii_Oahu_6363,-2.6921573496931703,3.9564997190805204,0.20694767938365802,-1.58466092808047,0.8569276487354809,0.972593629943719,0.193174373440318,0.24753731602562598,-0.539602912235057,-0.41967628841062604,-0.18130371091295,-0.49138948365082896,-0.0415600276060764,12,12,9.88247782552824e-11,9.88247782552824e-11,21.67409203525633,-157.9648731775645
Hawaii_Hawaii_6460,-2.2273985848635096,4.4446181628294905,0.259943668489673,0.43024372641999603,1.20912999840785,1.5013433302770502,1.50179377930435,1.5274528051527398,-0.158516254690145,0.00310727537994077,1.22995339417926,0.153744559798255,0.280757920094864,12,12,8.573453433014591e-13,8.573453433014591e-13,19.196722,-155.86658300000002
Hawaii_Hawaii_6461,-3.6294761249517205,2.18581406395072,-1.63183159979826,-0.962707180425335,1.3724110679104,0.9974932495447529,1.8658802680938402,-0.667041816107834,-0.527905137689498,-0.0565235045528951,-0.10299223689551801,0.397339928609421,-1.0989492702685,12,12,1.5803759352802402e-09,1.5803759352802402e-09,19.196722,-155.86658300000002
Hawaii_Hawaii_6463,-2.26237648263639,3.1525861015657997,0.7665777201492131,0.392964497266619,1.84671676635104,1.53016754187639,1.6704910007721103,0.466689502505681,0.20090661731330997,-0.6554851257105629,0.19761950315857002,-1.1879253377590802,-0.2263898508874,12,12,1.68426856651145e-08,1.68426856651145e-08,19.196722,-155.86658300000002
Hawaii_Maui_6549,-2.6218652044994397,3.69029147907202,1.30896560752391,-1.34565602838099,1.63746210001427,1.62472728208635,0.070991964818908,-0.521482670933561,-0.5621450891226739,0.31488532967165,-0.0733736063781689,0.287775522995252,0.0110011653996524,12,12,7.613784513661401e-11,7.613784513661401e-11,20.88275,-156.517479
Hawaii_Maui_6550,-2.75265454778853,5.0150959624680596,-0.18026715718962402,-1.1821433382798798,1.31451526090444,2.01174575717973,0.31316149483482597,0.160183779211702,0.3920408165677729,0.144859257363387,0.664266458948678,0.18069955537850801,-0.723244427425952,12,12,1.1940155029326599e-15,1.1940155029326599e-15,20.88275,-156.517479
Hawaii_Maui_6557,-2.6261297846717997,2.82170348739245,0.65334273547407,-1.37194626294049,0.38329741229683006,0.9377321004623341,-0.539145308795366,-2.05248189575091,-0.21578103278985697,1.00551307094799,-2.03257492114014,1.5204018842679599,0.0409814166310283,12,12,5.3093409480148e-09,5.3093409480148e-09,20.89251,-156.486524
Hawaii_Maui_6563,-2.17530951298141,3.06471412538268,0.6196828335987329,-1.0539848679486201,1.4087665718605,1.18512930466084,1.06357102969281,0.818421061386558,0.36371278752586206,-0.110512632595535,-1.3977113991633898,-0.608933571611917,0.0486136402187845,12,12,3.9948466807136694e-08,3.9948466807136694e-08,20.889329999999998,-156.476496
Hawaii_Kahoolawe_6568,-2.5833044620237797,3.2606962812648796,0.22122638327052302,-0.9215481592493511,1.74360696014808,1.3912448556453503,-1.12543411919272,-0.7783178087979359,-0.601313863496788,0.219289706691065,-0.8339086536634709,1.13590828677877,-0.28571276440848303,12,12,2.99247546160306e-11,2.99247546160306e-11,20.513947,-156.682411
Hawaii_Kauai_6601,-2.21481302349081,2.9441259591627,0.5396606816913829,-0.223404488106765,1.0003372929246501,2.19102369657517,1.30224727269857,2.16737343437611,-0.63494934997651,-0.29236057122454995,0.00188966387451603,-0.580141165621071,0.270059119854059,12,12,2.97540168700284e-09,2.97540168700284e-09,21.970882999999997,-159.656913
Hawaii_Kauai_6604,-3.0729488541374903,4.29060074534958,-2.21702786133735,-0.5863225305387549,1.26779556412483,0.0441011956574878,-0.193172390568143,0.17748917419149202,-0.840885901338051,-0.46528380704917,0.821739789546452,0.0160374224703216,-0.523363422037574,12,12,8.152323738512331e-14,8.152323738512331e-14,21.970882999999997,-159.656913
Hawaii_Kauai_6625,-2.95466317066697,3.44664604887296,1.01486749511001,-0.00896319229175768,1.8663659275393998,0.948100702276558,0.861210349121062,0.7799565659026519,-0.0742556482379763,0.0683593180464707,0.37655842940142603,-0.514782878335455,0.528733867413846,12,12,6.71480591809625e-10,6.71480591809625e-10,22.065786,-159.397244
Hawaii_Kauai_6643,-3.90094619327771,4.13663441686059,-2.29099045767248,-0.648964575104776,2.3063823147706097,1.39788053882788,-1.43699835433922,-1.57426987423637,0.709529925176505,0.10044368283242999,0.6837618793659159,-0.417655510443298,-0.38871548701218606,12,12,4.892863482052629e-17,4.892863482052629e-17,22.197546,-159.41998600000002
Hawaii_Kauai_6645,-3.15601133424667,5.327284771034139,0.618906240486433,-0.42566979923338205,1.92748636022805,1.44496598055756,0.132619771247456,-0.40521438038585106,1.17222223988511,0.169934495527329,1.2690814311868401,-0.738051947077779,-0.18751743631564602,12,12,1.5057969915764199e-15,1.5057969915764199e-15,22.197546,-159.41998600000002
Hawaii_Kauai_6646,-3.3948058504614105,5.5685720670756504,0.7223926929634631,-1.01266790474973,1.5751410989891699,0.0964385093476333,-0.6282583286937211,-0.43282093524561704,0.8616399809827391,0.617491944814712,0.114834881914634,0.39112981925691903,-0.44386480217181196,12,12,5.1209789891730095e-15,5.1209789891730095e-15,22.197546,-159.41998600000002
Hawaii_Hawaii_6848,-3.16347800287723,3.5694628007165297,0.10511812132828201,-0.449795779976995,2.5818866471141497,2.26986265350141,-0.497369513312613,-0.917282785285759,-0.792869038158208,0.42435379753831,-0.136185601988916,1.02930441472859,-0.0475852294893439,12,12,4.2181233055497496e-14,4.2181233055497496e-14,19.428910000000002,-154.89420800000002
Hawaii_Hawaii_6849,-3.81685899981448,4.472824219818481,-0.25171681196017,-0.11186623489522199,1.54895488050504,0.531545436384921,0.405238248909047,0.7502151963400021,0.8949356631327879,-0.0223069756570055,-0.321286159130085,-0.25251519160286495,0.30509170799338503,12,12,9.54325238286372e-14,9.54325238286372e-14,19.428910000000002,-154.89420800000002
Hawaii_Hawaii_6851,-3.4408637396692403,2.5981559342673197,-1.03903176986477,0.725209285667189,2.1156971536670603,1.71393878289983,-0.261481337239395,-0.21628412103739802,-0.45034514491795397,-0.447322386392708,0.47468047501593297,0.557362591463833,1.1110399287608501,12,12,3.4253134850177405e-12,3.4253134850177405e-12,19.428910000000002,-154.89420800000002
Hawaii_Hawaii_6852,-2.40634338298851,3.8885335105993097,-0.7308110116766671,-1.62052303326365,1.86773815838757,1.39158142665945,-1.57684581270047,-0.774488783256239,0.100932641229584,1.2296439634001899,0.199974239814289,-1.73797276189303,0.27510326164561,12,12,1.39988114070358e-13,1.39988114070358e-13,19.428910000000002,-154.89420800000002
Hawaii_Hawaii_6864,-2.8400105482655493,5.707754567106509,-0.37122286134753,-1.8288939207764598,0.980488775512948,1.3625136849809798,-0.17723646640725602,0.17273993684492003,0.0862032156242869,0.35361902613588103,-0.0860692591589836,0.305218845060542,-0.632870468985102,12,12,1.0251063386467501e-16,1.0251063386467501e-16,19.500220000000002,-154.844667
T1F.1_T1F.1,0.4690733667109179,4.30065695981385,-0.215222113522471,2.63882577740047,-1.14042760345643,-1.28314136441542,-0.10668185797327802,-0.260292801293178,0.290718342013671,0.472434178730508,0.128918916205248,-0.514383479055054,0.0328521514431559,14,13,7.016946417526319e-22,1.37459166826006e-14,NaN,NaN
T1F.4_T1F.4,0.796204093712303,3.41711797343503,-0.70925222533767,2.85853260107086,-0.608451240108771,-3.1150020660781497,0.479587450329068,0.20747300285280398,0.418402104046951,-1.03140429727868,-2.10891096272807,0.648997566043935,0.6946530456868071,13,13,2.67247127259887e-14,2.67247127259887e-14,NaN,NaN
T1F.5_T1F.5,0.348971180791407,4.09173823278185,-0.37439309120252795,2.95317059482779,-1.3853354357386598,-1.3714729266288999,0.23372797702618398,-0.277348489479958,-0.0432259337766391,0.18692616851796803,-0.342335781721568,-0.247456711507435,0.16988130145626398,14,13,4.06909511038025e-21,1.37318487364471e-14,NaN,NaN
T1F.6_T1F.6,1.20155863379867,3.6521362205424,-0.650087441545542,2.8695369662733703,-0.691702663083242,-2.48028245326755,-0.0229436808067022,-0.161723248671935,0.004390641405294921,-0.9601702002107759,-0.9068729447457329,0.0697581539305745,1.18103810138018,13,13,6.82509016127014e-15,6.82509016127014e-15,NaN,NaN
T1F.8_T1F.8,1.11716480623847,3.4486143035267998,-0.201175066677718,3.00760641028075,-0.390978716514854,-2.6986908623466896,-0.137158455147833,0.000734365443562979,-0.174485800721629,-1.50997208379239,-0.896051716103381,-0.32050815999724896,0.975894307923467,13,13,5.71300752065745e-14,5.71300752065745e-14,NaN,NaN
T1M.1_T1M.1,0.9184439566482671,3.75219235726968,-0.41508957998162205,3.03651290552245,-1.79195354916256,-1.78191814775803,0.283022886463017,0.44435059351851597,0.0720365188059325,-0.190818638740514,-0.324818799344258,-0.12003226329704302,0.333886309557132,13,13,7.23027366193764e-15,7.23027366193764e-15,NaN,NaN
T1M.2_T1M.2,1.08126341389694,3.9596099682528103,-1.09526573637794,2.9523611664954,-2.05976354788534,-2.4764754295247298,-0.09860452857888401,0.7301525432341379,-0.0316365697379553,-0.7082770933297621,0.24312251009641,0.23138650540183303,-0.289192883692609,13,13,8.536887304818609e-17,8.536887304818609e-17,NaN,NaN
T1M.3_T1M.3,0.24469338703118002,4.69264922907233,-0.21407248182437502,2.23081547503323,-0.762565660039341,-2.27075488643373,-0.481852676405324,0.129345286652836,-0.38883608105783096,0.519015072347337,-0.19445778685061604,0.13955048781070198,-0.222093207313031,14,13,1.4902117611739598e-24,2.42436358679935e-14,NaN,NaN
T1M.4_T1M.4,0.45741860700630105,5.11034693124095,-0.836458776058335,2.9258578318303,-0.594508553045728,-3.2661443921305495,0.313114527169012,-0.84873711787229,0.0933216249100284,-0.806235808411486,-1.2317421589361799,1.0232661970814398,-0.250703523054724,13,13,5.59906616975143e-18,5.59906616975143e-18,NaN,NaN
RmelF.1_RmelF.1,-0.12445887396244301,3.9956338800681097,0.443070100102831,2.88501955447868,-0.797187663287361,-1.2261584057259098,-0.44915990593834704,0.0341152716661255,-0.808808429704921,0.551914378238867,0.6407405458141379,-0.428752990083552,-0.0292142407968667,14,14,4.0343336722440003e-19,4.0343336722440003e-19,NaN,NaN
RmelF.2_RmelF.2,0.238851577988571,4.310208603801731,-0.1793823071221,2.71189653915555,-1.1311444400236499,-1.13495307568509,-0.268845309713235,0.20998355268519503,-0.149787867710868,0.213637959404299,0.5252406897651961,-0.7224858072991841,0.46029801456036107,14,14,1.96434340907135e-21,1.96434340907135e-21,NaN,NaN
RmelF.3_RmelF.3,-0.136686680680575,5.1011591901932904,-1.0291788507839599,3.3877974034358997,-1.43805590551037,-1.74818805728032,0.779121770432165,1.00805445772868,0.349313232286264,0.667755044389126,0.7819478259531641,0.3881554895464361,-0.34063677120154107,14,14,1.4317614516814001e-25,1.4317614516814001e-25,NaN,NaN
RmelF.4_RmelF.4,-0.8837749373168179,5.97336434670274,-2.0044970699505402,2.39209343080755,-0.8844988904911592,-2.05297450492553,-0.811132332777479,-0.7617100470576189,-0.372710779915249,0.8877625807045659,1.03879101601827,0.00670224542761599,-0.727042863036692,14,14,1.6291226980592e-29,1.6291226980592e-29,NaN,NaN
RmelF.7_RmelF.7,0.509213046195664,3.90376915087374,-0.298103223696414,3.22527232434129,-1.4899919123548702,-2.0119530227892,0.10672630981899,0.112674257636131,-0.16012847765545998,-0.47280354001371505,0.11559295211869801,-0.489647528168794,-0.245173330033256,13,14,5.7179212243650705e-15,1.78979809007623e-21,NaN,NaN
RmelF.8_RmelF.8,-0.0617575435736548,6.25741313019701,-0.932434179065568,2.88921041441332,-1.4338506347787499,-2.19261370550528,-0.250798791279792,-0.549304566628805,0.18815705509025102,0.371881041200575,0.0647909464450105,0.513726779874097,-0.9133466581335581,14,14,1.0338691528926399e-30,1.0338691528926399e-30,NaN,NaN
RmelM.2_RmelM.2,-0.102236325061844,4.30026748964307,-0.0637759055936168,2.50681611402674,-0.529587164378081,-1.42267619486525,0.17919873576601503,0.151864708019668,-0.100777530485965,0.781748982955424,-0.0165629820557351,-0.0893149275885179,0.0233633569106501,14,14,5.86030073483947e-21,5.86030073483947e-21,NaN,NaN
RmelM.3_RmelM.3,-0.7607986287470808,6.59452469953202,-0.462896655960169,2.7466394655214197,-0.377804339083876,-1.92614649282306,-0.44473152220122797,0.0120809946820501,-0.029391010101509997,0.43529473192258,0.528844195547159,0.453406847505756,-0.26096086374933897,14,14,6.9727273618953e-30,6.9727273618953e-30,NaN,NaN
RmelM.4_RmelM.4,0.9453783648343471,3.5242610483777406,-0.374790084955225,2.23369976367079,-2.04853794563574,-1.1142243925598,-0.0817523809947514,0.922446421707028,0.165784869720667,0.563892152333106,0.625421951279444,-0.5329539735873661,0.0157903228967642,14,14,1.35135824192247e-20,1.35135824192247e-20,NaN,NaN
RmelM.7_RmelM.7,0.7934640118591381,4.77601547891239,-1.49640693467334,3.03604422235506,-1.93580798065168,-1.7327983000437799,0.0712607596329614,0.40056016358231,0.32423299115912607,0.41407264902121,0.695222437908593,0.495532220633932,-0.653097120211322,14,14,2.93491321517757e-26,2.93491321517757e-26,NaN,NaN
RmelM.8_RmelM.8,0.28476160922964694,3.6125584292551296,-0.356640545273557,2.78638676613944,-1.5236422468429198,-1.32123811087448,-0.0697060072464239,-0.126661497972878,-0.351381609700457,-0.12200822200945698,0.0033151915754911603,-0.47009401061928996,-0.311026012508597,14,14,2.05572221689373e-19,2.05572221689373e-19,NaN,NaN
